Genotyping_Sample_ID	Cluster	EV.1	EV.2	EV.3	EV.4	EV.5
MSSM_1	E	0.02112	0.021886	0.004743	0.018983	-0.020529
MSSM_10	C	-0.017305	0.002913	-0.327463	-0.014998	0.07432
MSSM_100	F	0.019061	-0.043151	0.005808	0.131348	-0.019458
MSSM_101	F	0.019767	-0.028841	0.003917	0.102125	-0.010702
MSSM_102	B	0.018539	-0.086015	0.006477	-0.03729	0.030423
MSSM_106	D	-0.082774	0.000918	0.01996	-0.004903	-0.022186
MSSM_108	A	0.021318	0.033951	0.00643	-0.034878	0.026355
MSSM_109	B	0.018522	-0.075963	0.001134	-0.040639	-0.03946
MSSM_11	D	-0.082551	0.001047	0.029506	-0.007406	-0.005409
MSSM_110	C	-0.054153	-0.002756	-0.039666	0.036013	0.086289
MSSM_111	A	0.02146	0.021849	0.00384	-0.004739	-0.002738
MSSM_112	A	0.022396	0.031451	0.007673	-0.021889	0.023363
MSSM_113	B	0.017852	-0.078146	0.003648	-0.066039	-0.010947
MSSM_114	E	0.021767	0.031596	0.005511	-0.002424	-0.007977
MSSM_116	G	0.021144	0.005194	0.003298	0.043013	-0.014195
MSSM_117	E	0.022208	0.023308	0.005612	0.024191	0.005535
MSSM_118	B	0.01858	-0.092336	0.008192	-0.064607	-0.021485
MSSM_119	A	0.021164	0.023172	0.00263	0.010179	0.000461
MSSM_12	B	0.017775	-0.085704	0.003242	-0.033872	-0.023737
MSSM_120	A	0.021643	0.023938	0.002523	-0.013282	0.024134
MSSM_121	C	-0.003459	0.016513	-0.207525	-0.084035	-0.217961
MSSM_122	D	-0.081664	0.000792	0.025661	-0.000713	-0.014939
MSSM_123	B	0.018819	-0.08148	0.006598	-0.016675	-0.016786
MSSM_124	A	0.021175	0.031674	0.002587	-0.023752	0.01869
MSSM_125	B	0.017374	-0.089607	-0.001491	-0.034526	-0.023832
MSSM_126	A	0.020298	0.018617	-0.001543	-0.010232	0.00214
MSSM_127	A	0.020853	0.030543	-0.006878	-0.011283	0.009727
MSSM_128	D	-0.083202	0.000697	0.021565	0.001934	0.002214
MSSM_129	C	-0.035733	-0.003456	-0.061836	0.022834	0.011225
MSSM_13	A	0.021185	0.03739	-0.00186	-0.003698	0.00303
MSSM_130	D	-0.087448	0.000925	0.027652	-0.001639	-0.013863
MSSM_131	C	-0.029571	-0.00378	-0.128319	0.037208	0.117539
MSSM_132	B	0.019707	-0.023124	-0.000255	-0.030146	0.032844
MSSM_133	G	0.02081	-0.010395	0.001832	0.038164	-0.018054
MSSM_134	F	0.018372	-0.03027	0.000958	0.101779	0.018862
MSSM_135	C	-0.019136	-0.007033	-0.247952	-0.014592	0.10484
MSSM_136	D	-0.088931	0.000881	0.023351	-0.003005	-0.010469
MSSM_137	G	-0.017328	-0.016969	-0.000933	0.17736	0.081719
MSSM_139	C	-0.036995	-0.006866	-0.128398	0.015441	0.062868
MSSM_14	D	-0.073534	0.000358	-0.010576	0.005381	0.036573
MSSM_140	D	-0.084819	0.000929	0.024735	-0.007669	-0.017179
MSSM_141	E	0.020248	0.001718	0.001812	0.011307	-0.005312
MSSM_142	B	0.018711	-0.078568	0.004118	-0.023288	0.003745
MSSM_143	B	0.018323	-0.081388	0.00551	-0.04759	-0.008697
MSSM_144	B	0.017923	-0.093021	0.009434	-0.055183	0.037105
MSSM_145	D	-0.085464	0.000957	0.024892	-0.006225	0.001511
MSSM_146	C	-0.056957	-0.002011	-0.08571	-0.004805	7.4e-05
MSSM_147	B	0.017455	-0.102677	0.002023	-0.051281	0.012397
MSSM_148	E	0.021559	0.015544	0.002443	0.034797	0.018859
MSSM_149	B	0.018475	-0.08342	0.004918	-0.078411	0.030631
MSSM_15	B	0.018617	-0.075461	0.003871	-0.003738	-0.008977
MSSM_151	C	-0.02971	-0.009554	-0.168682	-0.004383	-0.332775
MSSM_152	A	0.020914	0.028804	0.003621	0.007356	-0.004808
MSSM_153	A	0.02149	0.025952	0.001347	0.005964	-0.002304
MSSM_154	D	-0.079775	0.000841	0.016904	-0.001026	0.025315
MSSM_155	D	-0.08309	0.000848	0.027505	-0.000468	-0.013626
MSSM_156	C	-0.063228	-0.00018	-0.063822	0.004582	0.032382
MSSM_157	B	0.01814	-0.089278	0.003455	-0.031579	-0.013396
MSSM_158	G	0.020705	-0.018592	0.005495	0.028277	-0.019052
MSSM_16	A	0.021086	0.042319	-0.001228	-0.045426	-0.048369
MSSM_160	B	0.018035	-0.087054	0.006149	-0.045746	0.003816
MSSM_161	E	0.021456	0.031013	0.000314	0.004891	-0.037268
MSSM_162	D	-0.085867	0.000816	0.020763	-0.000615	-0.006871
MSSM_163	A	0.02139	0.01954	-0.000264	-0.003396	-0.001603
MSSM_164	A	0.02093	0.033332	0.005796	-0.00697	0.00307
MSSM_165	C	-0.034881	-0.006412	-0.0743	0.016832	0.085396
MSSM_166	D	-0.086033	0.000691	0.01645	0.006024	0.009513
MSSM_167	A	0.020511	0.030564	-0.001183	-0.034756	-0.003599
MSSM_168	A	0.022131	0.034545	0.003646	-0.014377	0.007749
MSSM_170	D	-0.077605	0.000896	0.000904	-0.013226	0.00955
MSSM_171	A	0.021828	0.029224	-0.000687	-0.037865	0.00825
MSSM_172	B	0.019706	-0.07514	0.003492	-0.015932	-0.006081
MSSM_173	B	0.017752	-0.081573	-0.003557	-0.04982	0.00896
MSSM_174	B	0.017569	-0.080001	-0.000378	-0.055136	-0.003369
MSSM_175	B	0.017945	-0.092879	0.001628	-0.028298	0.052482
MSSM_176	B	0.01774	-0.083807	0.004596	-0.047438	-0.014466
MSSM_177	E	0.019875	-0.002087	0.000347	0.006219	0.020681
MSSM_179	B	0.019037	-0.072132	0.000373	0.004381	-0.003957
MSSM_180	B	0.01901	-0.065051	0.002646	0.035551	0.011627
MSSM_181	E	0.020624	0.029413	-0.003157	-0.003991	-0.011669
MSSM_182	F	0.018226	-0.036244	-0.003524	0.100708	0.02418
MSSM_183	B	0.017332	-0.089476	-0.00137	-0.013693	-0.01954
MSSM_184	B	0.018794	-0.081073	0.005471	-0.049579	0.034118
MSSM_185	C	-0.043717	-0.00361	-0.226215	-0.010006	0.002194
MSSM_186	A	0.020684	0.029646	-0.003632	-0.012045	-0.007137
MSSM_187	E	0.020817	0.022139	0.004935	-0.001678	-0.008558
MSSM_188	D	-0.082569	0.000785	0.01938	-0.000205	-0.004663
MSSM_189	G	0.020075	-0.035519	0.005371	0.070134	-0.034751
MSSM_192	C	-0.019555	0.000218	-0.225253	-0.005323	-0.015713
MSSM_194	G	0.021213	-0.008487	0.005561	0.035228	-0.000442
MSSM_195	C	-0.067554	0.000314	-0.041336	-0.009482	0.010303
MSSM_196	C	-0.002694	-0.004689	-0.139107	0.153431	0.216949
MSSM_197	D	-0.073397	0.000784	0.014655	-0.00396	-0.007107
MSSM_2	B	0.018109	-0.080142	0.003035	-0.052706	0.016421
MSSM_20	B	0.018653	-0.082494	0.005699	-0.009092	0.001522
MSSM_200	D	-0.079299	0.000668	0.011082	-0.003605	-0.022177
MSSM_201	A	0.021526	0.029819	0.00044	0.014382	0.007189
MSSM_202	B	0.01865	-0.077848	0.007682	-0.038331	0.00469
MSSM_204	A	0.021065	0.027559	0.001135	-0.007563	0.004595
MSSM_205	D	-0.083015	0.000763	0.019186	-0.003387	0.00762
MSSM_208	D	-0.08518	0.000884	0.026843	-0.003238	0.008552
MSSM_209	A	0.020546	0.040589	-0.004277	-0.029303	-0.003629
MSSM_21	D	-0.067742	0.00103	0.041618	-0.005013	-0.008873
MSSM_210	B	0.018167	-0.085425	0.005244	-0.039815	0.028264
MSSM_211	A	0.021745	0.033938	-0.002954	-0.045839	0.007584
MSSM_212	B	0.018499	-0.072791	-5.3e-05	-0.059125	0.03118
MSSM_215	F	0.018829	-0.037848	0.002006	0.112524	0.004727
MSSM_219	E	0.021408	0.02757	0.000672	0.020073	0.002349
MSSM_22	B	0.018416	-0.0905	0.005029	-0.021923	0.023491
MSSM_220	B	0.019223	-0.085646	0.005916	-0.007266	-0.053835
MSSM_221	F	0.019059	-0.026305	-0.00058	0.139106	-0.024804
MSSM_223	A	0.022163	0.028458	0.00505	-0.015682	0.009969
MSSM_226	B	0.018552	-0.082449	0.006009	-0.01866	0.00641
MSSM_228	A	0.021945	0.02914	0.006073	-0.000396	0.000533
MSSM_229	B	0.017507	-0.085893	-0.002219	-0.061094	-0.008231
MSSM_230	D	-0.084027	0.000927	0.030297	-0.001316	-0.013352
MSSM_231	C	-0.009986	-0.00716	-0.108579	0.017379	0.316587
MSSM_232	F	0.020024	-0.019649	0.00635	0.093667	-0.017315
MSSM_233	F	0.019388	-0.042685	0.000768	0.107958	0.035842
MSSM_234	B	0.018831	-0.079212	0.004059	-0.036125	-0.034716
MSSM_236	C	-0.041939	-0.001356	-0.214862	-0.012259	0.0177
MSSM_237	B	0.020629	-0.030505	0.009314	-0.039045	0.02182
MSSM_238	A	0.021262	0.03626	0.004463	-0.020258	-0.008607
MSSM_239	F	0.020991	-0.023511	0.003328	0.077559	-0.02418
MSSM_240	A	0.015761	0.032882	0.001611	-0.015671	0.019331
MSSM_241	A	0.020819	0.032012	0.003863	0.001825	0.018879
MSSM_242	A	0.021405	0.0298	-0.001891	-0.007765	0.0011
MSSM_243	B	0.018864	-0.076256	0.007197	-0.053497	-0.012456
MSSM_244	C	-0.030401	-0.002906	-0.141134	0.031041	0.039916
MSSM_245	A	0.021058	0.005313	0.005755	-0.0448	0.026633
MSSM_246	C	0.002476	-0.008271	-0.149615	-0.004533	-0.503296
MSSM_248	B	0.017541	-0.092213	0.001373	-0.016642	0.001343
MSSM_25	A	0.020617	0.025231	-0.000965	-0.006568	0.016414
MSSM_250	B	0.018591	-0.077294	0.007326	0.000677	-0.0025
MSSM_251	B	0.018761	-0.084062	0.006231	0.007098	0.039341
MSSM_253	A	0.020646	0.033371	-0.001451	-0.032604	0.018251
MSSM_254	A	0.021118	0.025317	0.004065	-0.023322	0.001072
MSSM_255	C	-0.051351	-0.000177	-0.055943	0.017334	0.095582
MSSM_256	A	0.0215	0.032008	-0.004882	-0.019167	-0.003357
MSSM_257	A	0.021427	0.030133	0.005873	-0.037	0.01703
MSSM_258	A	0.021299	0.030141	0.002255	-0.043596	0.003914
MSSM_259	D	-0.081934	0.000808	0.02044	-0.002989	-0.004009
MSSM_26	G	0.020466	-0.020247	0.0035	0.048626	-0.036019
MSSM_260	F	0.018002	-0.035286	0.002827	0.113832	-0.01079
MSSM_261	A	0.020812	0.03028	-0.000714	-0.025081	-0.006438
MSSM_262	D	-0.085843	0.000875	0.022198	-0.004012	-0.010041
MSSM_264	B	0.01797	-0.100609	0.004118	-0.05862	0.042564
MSSM_265	B	0.017717	-0.081848	0.002885	-0.034368	0.017507
MSSM_266	B	0.018282	-0.080428	0.007119	-0.044177	0.013282
MSSM_268	C	-0.053073	-0.005004	-0.194457	-0.022222	-0.161712
MSSM_269	B	0.018415	-0.074763	0.005929	-0.01991	0.014599
MSSM_27	D	-0.086492	0.000863	0.025812	-0.001774	-0.015467
MSSM_270	B	0.017648	-0.080899	-0.006656	-0.040587	-0.015075
MSSM_271	C	-0.048903	-0.001836	-0.09701	0.010581	0.015723
MSSM_272	A	0.021671	0.027277	0.003836	-0.021731	0.012877
MSSM_273	A	0.02098	0.033025	0.003821	-0.016374	-0.021015
MSSM_274	A	0.020549	0.031584	-0.003647	-0.003144	0.018691
MSSM_276	D	-0.087157	0.00083	0.024373	0.000307	0.001513
MSSM_277	B	0.020732	-0.028497	0.001305	-0.03273	0.028434
MSSM_278	C	-0.040643	-0.001944	-0.102488	-0.004434	0.10911
MSSM_279	D	-0.080551	0.000982	0.035962	0.000456	0.006669
MSSM_28	B	0.018321	-0.0874	0.006772	-0.032828	-0.010492
MSSM_280	B	0.019213	-0.078269	0.008591	-0.020046	0.012552
MSSM_281	A	0.021649	0.018892	-0.001208	-0.026538	0.009628
MSSM_282	B	0.020324	-0.029417	0.006801	-0.041661	0.002201
MSSM_284	A	0.020944	0.031974	0.002163	-0.001676	0.011895
MSSM_286	E	0.020509	0.019521	-0.000287	0.011686	-0.008391
MSSM_287	C	0.013238	-0.053326	-0.05526	0.10595	-0.155141
MSSM_288	B	0.018357	-0.072742	-0.004541	-0.013171	0.04669
MSSM_289	G	0.020553	-0.003445	0.005903	0.060937	-0.01327
MSSM_29	C	-0.043221	-0.002348	-0.302749	-0.023339	0.017787
MSSM_290	B	0.020824	-0.02779	0.007287	-0.025085	0.003436
MSSM_291	A	0.021238	0.01768	0.001573	0.000456	0.015344
MSSM_293	A	0.021324	0.038699	-0.001354	-0.027054	-0.001594
MSSM_295	A	0.021589	0.032609	0.000296	-0.03308	-0.033613
MSSM_296	D	-0.080132	0.001043	0.033209	-0.004512	-0.005039
MSSM_297	B	0.018197	-0.076924	0.001692	-0.040262	0.001726
MSSM_298	C	-0.034515	-0.006666	-0.125827	0.035588	0.039118
MSSM_299	A	0.021557	0.0279	-0.000739	-0.029159	0.032643
MSSM_3	A	0.021563	0.03682	-0.000829	-0.02983	-0.022331
MSSM_30	D	-0.087253	0.000885	0.02413	-0.002	-0.006307
MSSM_300	B	0.017485	-0.076335	-0.008502	-0.04926	0.001462
MSSM_301	A	0.02148	0.025552	0.000411	-0.035436	0.025302
MSSM_302	A	0.021896	0.0272	0.004784	-0.028448	0.020599
MSSM_303	A	0.021029	0.034109	0.003613	-0.026633	0.031014
MSSM_304	A	0.020601	0.014377	0.003982	0.004148	3e-05
MSSM_305	A	0.020829	0.036125	-0.001355	0.000127	0.025294
MSSM_306	B	0.018677	-0.081377	0.003926	-0.01838	-0.027014
MSSM_308	F	0.018769	-0.033039	0.001568	0.100192	-0.034073
MSSM_309	D	-0.086188	0.000948	0.028551	-0.002295	-0.015665
MSSM_31	D	-0.087306	0.000845	0.022477	-0.000431	-0.002905
MSSM_310	A	0.021311	0.038275	0.00663	-0.036145	0.012682
MSSM_311	G	0.020496	-0.007581	0.005913	0.05159	0.005629
MSSM_312	B	0.017512	-0.097946	0.003253	-0.076481	-0.010391
MSSM_313	B	0.018431	-0.080206	0.003506	-0.024898	-0.006295
MSSM_314	D	-0.084419	0.000822	0.024533	-0.001427	-0.012142
MSSM_315	A	0.021662	0.031001	0.002895	-0.0393	-0.031197
MSSM_316	A	0.021842	0.032077	0.002359	0.004447	0.011288
MSSM_319	D	-0.082124	0.000891	0.0284	-0.000975	0.011756
MSSM_32	B	0.018322	-0.083242	0.001466	0.021655	0.000949
MSSM_320	G	0.020845	-0.005201	0.001609	0.031754	-0.028221
MSSM_321	G	0.019983	-0.003666	0.001011	0.06788	-0.029776
MSSM_323	D	-0.084631	0.000765	0.017893	-0.003091	-0.006987
MSSM_326	A	0.020968	0.031232	0.000847	-0.041826	0.011486
MSSM_327	C	-0.05966	-0.00176	-0.044358	0.002479	0.058397
MSSM_328	A	0.021146	0.024904	-0.001129	-0.009211	0.01273
MSSM_329	B	0.019128	-0.0767	0.003003	-0.021913	-0.021768
MSSM_33	B	0.01856	-0.097452	0.005369	-0.032341	0.019449
MSSM_330	B	0.018213	-0.088129	0.007861	-0.020482	0.01682
MSSM_333	B	0.018491	-0.087539	0.00647	-0.027713	0.003668
MSSM_335	D	-0.086785	0.000859	0.025106	-0.001085	-0.007773
MSSM_336	A	0.021386	0.020595	-8e-05	-0.009517	0.00827
MSSM_337	A	0.020528	0.042707	-0.002773	-0.020686	-0.01234
MSSM_338	G	0.020306	0.010441	-0.002083	0.045478	0.010709
MSSM_339	C	-0.065251	-0.000709	-0.056918	-0.004349	0.015047
MSSM_34	E	0.020982	0.010277	0.007397	0.029224	-0.003864
MSSM_341	G	0.01996	4.5e-05	-0.002882	0.074361	0.023967
MSSM_342	A	0.021691	0.022335	0.006786	-0.016953	-0.003232
MSSM_343	E	0.021766	0.024839	0.005881	0.032956	0.005258
MSSM_344	A	0.021884	0.032506	0.001017	-0.005425	0.022628
MSSM_345	A	0.021245	0.03257	0.004067	-0.022971	-0.003498
MSSM_346	B	0.017282	-0.074991	0.006065	-0.092584	0.010841
MSSM_347	A	0.021471	0.019296	0.006638	-0.005252	0.011256
MSSM_348	E	0.021032	-8e-04	0.004428	0.012206	0.007143
MSSM_349	F	0.019112	-0.034567	0.003807	0.108998	-6.6e-05
MSSM_350	B	0.018734	-0.07443	0.003948	-0.022635	0.040468
MSSM_351	F	0.019109	-0.033396	-0.0045	0.119535	0.017319
MSSM_352	E	0.021397	0.03127	-0.004173	-0.004764	-0.015026
MSSM_353	G	0.020211	0.003128	-0.001064	0.045675	0.01442
MSSM_354	D	-0.086071	0.00098	0.029286	-0.00417	-0.007615
MSSM_355	C	-0.053138	-0.002486	-0.135778	-0.016635	-0.016451
MSSM_356	E	0.020816	0.019975	0.003664	-0.010316	-0.037469
MSSM_357	E	0.021263	0.018156	0.000732	0.012927	-0.006002
MSSM_358	A	0.020682	0.028293	0.002839	-0.031705	0.025612
MSSM_359	A	0.020887	0.038787	0.000432	-0.002484	0.005042
MSSM_36	C	0.008423	-0.008445	-0.054877	0.134298	0.129825
MSSM_360	B	0.021496	-0.019624	0.00439	-0.036829	0.050632
MSSM_361	D	-0.086448	0.000937	0.029157	-0.001329	-0.001387
MSSM_362	D	-0.087874	0.000822	0.025496	0.00123	-0.004153
MSSM_363	C	-0.056551	-0.001706	-0.063176	0.021489	0.080868
MSSM_364	A	0.021526	0.033432	0.001263	-0.019968	0.004524
MSSM_365	C	-0.016024	-0.002473	-0.303972	-0.062063	0.046984
MSSM_366	D	-0.083303	0.00077	0.028507	0.00874	0.017809
MSSM_367	A	0.020747	0.038123	-0.006115	-0.019482	0.002495
MSSM_368	A	0.021228	0.031357	0.006936	-0.026987	-0.007064
MSSM_37	C	-0.053594	-0.00132	-0.132818	-0.003471	0.059297
MSSM_370	D	-0.086456	8e-04	0.025355	-0.001504	-0.008098
MSSM_371	G	0.020005	-0.035159	0.00432	0.077117	-0.045008
MSSM_374	D	-0.084939	0.00086	0.020767	-0.002687	0.019416
MSSM_375	D	-0.085135	0.000869	0.025156	-0.001435	0.000118
MSSM_376	E	0.021622	0.028926	0.000105	-0.007589	-0.014423
MSSM_377	A	0.021338	0.03559	0.0049	-0.052588	0.010504
MSSM_378	C	-0.05912	-0.001144	-0.054441	-0.004165	0.011387
MSSM_379	D	-0.086575	0.000779	0.023433	0.000727	-0.011141
MSSM_38	F	0.01959	-0.026018	-0.001081	0.113755	0.035371
MSSM_380	B	0.019055	-0.076672	0.005869	-0.020604	0.010618
MSSM_381	A	0.021213	0.031001	-0.003515	-0.034754	-0.035287
MSSM_382	D	-0.062639	-6e-05	0.026503	0.008939	-0.018903
MSSM_383	B	0.017431	-0.086967	0.001125	-0.023168	0.03887
MSSM_384	C	-0.061941	0.00015	-0.059428	-0.007232	0.045173
MSSM_386	D	-0.084485	0.000709	0.023668	0.008683	0.014171
MSSM_387	C	-0.049024	-0.004761	-0.094524	0.01283	0.015649
MSSM_388	B	0.019426	-0.056211	0.007039	-0.042071	0.003804
MSSM_389	A	0.021956	0.035345	0.004988	-0.006416	0.006825
MSSM_39	G	0.021413	-0.009007	0.000886	0.038902	-0.03196
MSSM_390	B	0.017933	-0.088143	0.001413	-0.044377	-0.035546
MSSM_391	A	0.020978	0.045087	-0.001078	-0.047851	-0.047743
MSSM_392	B	0.019203	-0.074079	0.005348	-0.015263	0.00692
MSSM_393	D	-0.08688	0.000927	0.033193	-0.00082	-0.0113
MSSM_394	E	0.019942	-0.004975	0.005688	0.014875	0.013159
MSSM_396	B	0.01918	-0.077322	0.010397	-0.030506	0.012788
MSSM_397	A	0.021686	0.030086	-0.000602	-0.058724	0.018383
MSSM_398	A	0.021053	0.029441	0.004497	-0.0107	-0.01083
MSSM_399	B	0.01679	-0.082515	-0.000946	0.008188	0.022195
MSSM_4	D	-0.088391	0.000935	0.027666	-0.001128	0.003002
MSSM_40	A	0.021668	0.034808	0.007367	-0.036513	0.016086
MSSM_41	A	0.021414	0.034303	-0.001317	-0.01518	0.017689
MSSM_42	A	0.021931	0.028726	0.004998	-0.030036	0.025816
MSSM_43	F	0.018735	-0.032649	-0.00355	0.1286	-0.036726
MSSM_44	G	0.019144	-0.002915	-3e-06	0.075164	0.008433
MSSM_45	A	0.021541	0.028325	0.00624	-0.012933	-0.000324
MSSM_46	B	0.018651	-0.075172	0.005224	-0.033598	0.01104
MSSM_47	B	0.017679	-0.088236	0.000594	-0.016274	-0.04467
MSSM_48	B	0.017845	-0.084315	0.004488	-0.031717	0.018091
MSSM_5	C	-0.049905	-0.006922	-0.189421	-0.029805	-0.172775
MSSM_50	A	0.021524	0.029469	-0.001359	-0.020009	0.000405
MSSM_51	C	-0.064018	-0.000199	-0.051654	0.00451	0.036152
MSSM_52	E	0.020935	0.024582	0.000121	0.002213	-0.032967
MSSM_53	E	0.020938	0.028687	-0.001634	0.007014	-0.015491
MSSM_55	D	-0.08638	0.000749	0.015096	-0.000195	-0.002159
MSSM_56	F	0.018336	-0.039796	0.003928	0.134965	-0.025866
MSSM_57	F	0.020036	-0.030647	0.007452	0.10967	0.000492
MSSM_58	D	-0.085173	0.001402	0.031675	-0.002692	-0.010894
MSSM_59	F	0.019503	-0.042527	-0.000522	0.086095	0.012525
MSSM_6	C	-0.062885	-2.4e-05	-0.059903	0.002777	0.046692
MSSM_60	F	0.019594	-0.035056	0.007088	0.111858	0.007965
MSSM_61	F	0.019603	-0.036885	0.004832	0.099206	0.006314
MSSM_62	A	0.021327	0.031523	-0.003866	-0.028437	0.031819
MSSM_63	B	0.018466	-0.077554	-0.00137	-0.023137	-0.010961
MSSM_64	G	0.020982	-0.009527	-0.00097	0.064721	-0.006732
MSSM_65	E	0.020771	0.023053	0.003854	0.01292	-0.023595
MSSM_66	A	0.021569	0.017608	0.007334	-0.033018	0.000654
MSSM_67	F	0.018386	-0.032361	-0.001312	0.118031	-0.011134
MSSM_68	C	0.017409	-0.019543	-0.024842	0.047831	-0.140282
MSSM_69	B	0.018131	-0.082794	0.006138	-0.018688	0.003959
MSSM_7	A	0.021912	0.029255	0.005206	-0.019109	-0.00735
MSSM_79	B	0.018557	-0.077881	0.001434	-0.04462	-0.042238
MSSM_8	A	0.021453	0.029033	0.000957	-0.019018	-0.003799
MSSM_80	B	0.018293	-0.085581	0.005909	-0.030202	0.015325
MSSM_81	F	0.018629	-0.034848	0.001018	0.127417	0.002395
MSSM_82	D	-0.082155	0.000803	0.027306	0.001313	-0.009308
MSSM_83	C	-0.043046	-0.001746	-0.143397	0.003241	0.049982
MSSM_84	B	0.017981	-0.088966	0.008458	-0.052059	0.016658
MSSM_86	D	-0.082662	0.000825	0.024233	0.000514	-0.008482
MSSM_87	A	0.021525	0.030805	0.000535	-0.033696	0.005023
MSSM_89	B	0.018473	-0.081481	0.007212	-0.051854	-0.018428
MSSM_9	B	0.019306	-0.079013	0.00724	-0.027298	-0.03405
MSSM_91	F	0.018453	-0.047391	0.007081	0.119696	-0.026279
MSSM_92	B	0.017937	-0.081377	0.004386	-0.021012	0.010815
MSSM_95	B	0.017995	-0.076713	0.006277	-0.05451	0.029536
MSSM_96	F	0.019422	-0.028524	0.003565	0.10992	-0.002043
MSSM_97	B	0.017053	-0.080853	-0.007037	-0.033822	5.6e-05
MSSM_98	B	0.018619	-0.071977	0.002592	-0.00967	0.033371
MSSM_99	D	-0.063383	9.4e-05	0.015348	0.011415	0.02598
MSSM_BP_10	E	0.02136	0.004592	-0.003252	0.038078	0.000824
MSSM_BP_11	A	0.021281	0.034766	0.002797	-0.020154	-0.00345
MSSM_BP_12	G	0.020158	-0.006711	0.000894	0.046052	-0.005654
MSSM_BP_13	A	0.021311	0.022641	0.003056	-0.018225	-0.007156
MSSM_BP_14	G	0.0213	-0.006556	0.006738	0.040984	-0.013422
MSSM_BP_15	A	0.021706	0.028063	0.001481	-0.007485	0.010518
MSSM_BP_16	A	0.021455	0.024698	-0.004073	-0.029996	-0.012588
MSSM_BP_17	B	0.020097	-0.034038	-0.001172	-0.037341	0.00227
MSSM_BP_18	A	0.020857	0.031523	0.003564	-0.009311	0.031421
MSSM_BP_19	A	0.021931	0.031856	0.006981	0.002679	0.003011
MSSM_BP_2	A	0.021888	0.030125	0.003214	-0.037178	-0.005346
MSSM_BP_20	E	0.021537	0.029996	0.003569	0.006909	-0.021816
MSSM_BP_23	D	-0.078534	0.000872	0.027448	-0.002058	-0.01185
MSSM_BP_24	A	0.021564	0.030561	0.004865	-0.01199	0.006871
MSSM_BP_4	E	0.021233	0.016983	0.007204	0.017839	0.00113
MSSM_BP_5	A	0.020525	0.039255	-0.003956	-0.02443	0.006036
MSSM_BP_6	G	0.019672	-0.025148	0.001713	0.089544	-0.068512
MSSM_BP_7	A	0.021414	0.036286	0.003682	-0.038389	0.00801
MSSM_BP_8	D	-0.080281	0.000633	0.011324	-0.004374	-0.025255
MSSM_BP_9	A	0.022026	0.027496	0.004062	-0.018787	0.012027
PENN_1	D	-0.077629	0.000849	0.031798	0.003819	0.000139
PENN_10	D	-0.08324	0.000774	0.025518	0.002133	-0.004462
PENN_100	E	0.021516	0.027137	0.006212	0.025445	0.011562
PENN_101	A	0.021104	0.01017	0.00082	-0.013382	-0.011822
PENN_103	A	0.021204	0.028201	-0.000321	0.000878	-0.001824
PENN_104	A	0.021076	0.034619	-0.001148	-0.046073	-0.022768
PENN_105	F	0.019128	-0.04362	0.005367	0.108069	-0.01242
PENN_106	F	0.02025	-0.021501	0.000528	0.094681	-0.011034
PENN_107	A	0.021045	0.03243	0.001068	-0.024067	0.010104
PENN_108	A	0.02067	0.027859	0.002978	-0.034369	0.027303
PENN_109	E	0.021095	0.027047	0.002929	-0.008544	-0.04022
PENN_11	A	0.020957	0.032978	-0.001191	0.008786	-0.000495
PENN_12	D	-0.079397	0.000926	0.025725	-0.001475	0.002025
PENN_14	F	0.018954	-0.038772	0.006651	0.096047	-0.01275
PENN_16	A	0.021026	0.024432	0.001367	-0.013344	-0.012357
PENN_17	F	0.020045	-0.029361	0.005727	0.082805	-0.015436
PENN_18	A	0.021732	0.019337	0.006872	0.007137	0.008729
PENN_19	A	0.021639	0.02535	0.003041	0.008679	-0.003079
PENN_2	D	-0.081262	0.000757	0.026448	0.00139	0.002395
PENN_20	A	0.021233	0.004922	0.003905	-0.031548	-0.007068
PENN_21	E	0.020806	0.020747	0.001256	0.019453	-0.008166
PENN_22	D	-0.086346	0.001009	0.03203	-0.00225	-0.010501
PENN_23	A	0.021311	0.036306	0.004281	-0.041072	0.025869
PENN_24	A	0.021201	0.02323	0.001567	0.003135	0.009935
PENN_25	D	-0.083319	0.000983	0.025862	-0.006492	-0.012751
PENN_26	D	-0.077114	0.000735	0.02631	0.008005	-0.00458
PENN_27	A	0.021593	0.022745	0.000705	-0.013045	0.008809
PENN_28	A	0.021879	0.024114	0.004467	-0.019098	0.010516
PENN_3	A	0.021765	0.03152	0.002156	-0.021558	0.000469
PENN_31	E	0.020459	0.022745	-0.004286	0.018489	-0.022663
PENN_32	E	0.021297	0.023247	0.000256	0.001758	-0.016321
PENN_33	A	0.021613	0.014172	0.006325	-0.012994	0.016942
PENN_34	E	0.02058	0.029653	0.000165	0.002786	-0.025646
PENN_35	A	0.021022	0.017791	0.001003	-0.013657	-0.013445
PENN_37	D	-0.077727	0.00061	0.018137	0.001592	-0.005391
PENN_38	A	0.02153	0.031064	0.00186	-0.014653	0.008581
PENN_39	A	0.021322	0.016012	0.003692	-0.010288	-0.023021
PENN_4	A	0.021207	0.029313	0.003003	-0.036703	0.021836
PENN_40	E	0.021664	0.020316	0.004685	0.013098	-0.007364
PENN_41	A	0.021239	0.037329	0.005877	-0.014035	0.015467
PENN_42	E	0.021278	0.028392	0.00271	-0.003941	-0.019628
PENN_43	A	0.021774	0.030482	0.005039	-0.028134	0.018308
PENN_44	A	0.021322	0.029458	0.001733	-0.009725	0.009156
PENN_45	A	0.021841	0.020678	0.008375	-0.004463	0.002423
PENN_46	F	0.017438	-0.043755	-0.006374	0.109704	-0.010716
PENN_47	D	-0.087842	0.000905	0.028569	-0.000148	-0.010145
PENN_48	E	0.02118	0.020362	0.004651	0.033279	0.034087
PENN_49	B	0.01829	-0.076302	0.004016	-0.039447	0.028262
PENN_5	A	0.021859	0.036224	0.00332	-0.042459	-0.038501
PENN_50	A	0.021113	0.022957	0.003623	-0.011269	-0.007543
PENN_51	A	0.02158	0.031014	0.002229	-0.008409	0.019793
PENN_52	B	0.01873	-0.072715	0.005543	-0.034862	-0.012485
PENN_53	D	-0.081866	8e-04	0.027229	0.001425	-0.013424
PENN_54	E	0.021321	0.032481	-0.001114	0.01576	-0.0124
PENN_55	A	0.021901	0.015477	0.004988	-0.0024	-0.017224
PENN_56	E	0.021485	0.026999	0.003966	0.026773	-0.008477
PENN_58	A	0.020814	0.037978	0.002642	-0.007002	-0.007679
PENN_59	B	0.02008	-0.032753	0.004403	-0.021099	0.002305
PENN_6	F	0.019938	-0.033662	0.005159	0.080787	0.00755
PENN_61	A	0.021343	0.022037	0.004449	0.002725	0.006524
PENN_62	B	0.018008	-0.089945	-0.000492	0.009174	0.009116
PENN_63	A	0.021495	0.033819	-0.002316	-0.055693	-0.02684
PENN_64	A	0.021412	0.029099	-0.002902	0.010745	0.029901
PENN_65	A	0.021213	0.031226	5e-06	-0.013458	-0.010668
PENN_66	A	0.021307	0.027404	0.003053	-0.011475	0.022609
PENN_67	A	0.021291	0.023607	-0.001464	0.007609	0.007478
PENN_68	A	0.021685	0.027445	0.007417	-0.004549	0.001359
PENN_69	A	0.021521	0.022028	0.004071	0.00061	0.029541
PENN_7	G	0.020911	-0.006297	0.007939	0.034621	0.001711
PENN_70	E	0.021241	0.028468	0.004781	0.012829	-0.014509
PENN_71	E	0.02188	0.02662	0.004058	0.023818	-0.002999
PENN_73	A	0.020967	0.027012	0.00229	-0.004604	0.009147
PENN_74	A	0.020957	0.024894	-0.001989	-0.013565	-0.02335
PENN_76	B	0.01924	-0.08264	0.007562	-0.015856	0.01118
PENN_77	A	0.021042	0.032043	0.000543	0.008944	0.019376
PENN_78	A	0.021417	0.015135	0.00505	-0.020986	-0.006737
PENN_79	A	0.021651	0.028874	0.003521	0.006823	-0.00625
PENN_8	D	-0.083839	0.00078	0.028293	0.00241	0.005267
PENN_80	E	0.021797	0.013714	0.002292	0.011474	-0.026761
PENN_81	A	0.021305	0.019426	-0.000151	0.003808	0.031902
PENN_82	D	-0.083281	0.00078	0.021883	-0.002116	-0.003989
PENN_83	A	0.021359	0.031293	0.003397	-0.043165	0.014801
PENN_85	D	-0.085257	0.000909	0.029993	0.000173	-0.006943
PENN_86	G	0.01809	0.001995	-0.006945	0.094369	0.036516
PENN_87	E	0.021724	0.03544	-0.002313	-0.007713	-0.013896
PENN_88	E	0.020882	0.024258	-0.001982	0.015734	-0.001407
PENN_89	A	0.02144	0.026109	0.00076	-0.017854	-0.018392
PENN_9	B	0.018274	-0.08269	0.004718	-0.037376	0.007542
PENN_90	D	-0.083736	0.00084	0.016962	-0.004982	-0.019187
PENN_91	A	0.020735	0.02906	0.00194	-0.036191	0.002854
PENN_92	A	0.021357	0.022018	0.004915	-0.024492	0.0187
PENN_94	D	-0.071136	0.00071	0.022601	-0.000342	0.002312
PENN_95	A	0.022023	0.027787	0.000125	-0.018494	-0.011249
PENN_96	A	0.021055	0.020368	0.007355	0.007773	0.006339
PENN_97	A	0.020517	0.027075	-0.001116	-0.006317	0.02115
PENN_98	E	0.021295	0.022703	-0.00092	0.017341	-0.021986
PENN_99	A	0.022174	0.033517	0.007108	0.005377	0.010636
PITT_10003	A	0.020448	0.036813	0.00113	-0.034935	0.021266
PITT_10005	A	0.021159	0.028781	0.003962	0.021813	0.014492
PITT_10020	E	0.021368	0.030695	0.00131	0.012833	-0.017507
PITT_10023	D	-0.081741	0.000958	0.021354	-0.001249	0.003553
PITT_10024	D	-0.086221	0.000781	0.026105	0.005146	0.006508
PITT_10025	D	-0.083578	0.000949	0.028792	-0.003596	0.004243
PITT_10026	A	0.021328	0.03387	0.003989	-0.002757	0.003503
PITT_1026	E	0.020789	0.020873	0.003871	0.015533	-0.016251
PITT_1047	A	0.020968	0.030079	0.00475	-0.025874	0.004152
PITT_1086	A	0.020484	0.034287	0.000782	-0.038698	-0.039152
PITT_1088	A	0.021636	0.028209	0.00334	-0.022303	-0.025274
PITT_1092	D	-0.084949	0.000969	0.025025	-0.006541	-0.00598
PITT_1099	G	0.020694	0.01466	0.00369	0.048432	-0.015049
PITT_1105	G	0.020561	0.006331	0.004535	0.049822	0.016392
PITT_1122	G	0.01896	-0.018288	0.001778	0.082504	-0.05987
PITT_1173	E	0.020845	0.027667	-0.005397	0.00103	-0.029963
PITT_1178	D	-0.082078	0.000862	0.026362	-0.001318	-0.017079
PITT_1188	B	0.020233	-0.026091	0.004216	-0.042945	0.002474
PITT_1189	A	0.021835	0.029823	0.004925	0.01074	4e-05
PITT_1191	D	-0.086489	0.000913	0.026037	-0.002074	-0.011014
PITT_1201	A	0.021477	0.008252	0.007	-0.014651	0.013505
PITT_1209	A	0.020959	0.021475	0.006672	-0.016689	0.018422
PITT_1211	E	0.022379	0.021685	0.003977	0.015276	0.004297
PITT_1222	E	0.021207	0.02965	-0.001558	-0.005418	-0.013508
PITT_1230	A	0.021624	0.026734	0.00169	0.010582	0.009071
PITT_1240	D	-0.084778	0.000864	0.021921	-0.003715	-0.01847
PITT_1247	E	0.020654	-0.003641	-0.00282	0.013029	-0.01138
PITT_1256	A	0.021159	0.031269	-0.00241	0.004559	0.015836
PITT_1263	A	0.020981	0.025787	0.002286	0.001911	0.030998
PITT_1268	D	-0.087817	0.000782	0.026622	0.002696	0.006898
PITT_1270	B	0.018373	-0.081063	0.003041	-0.031056	0.008231
PITT_1282	A	0.021293	0.027958	0.004912	-0.02196	0.000404
PITT_1284	G	0.021249	0.003701	0.006598	0.053921	-0.03685
PITT_1307	D	-0.079593	0.000838	0.01671	0.000203	-0.012937
PITT_1314	A	0.020741	0.037104	0.004811	0.006165	0.019558
PITT_1324	G	0.020535	0.007464	-0.004939	0.092519	-0.024716
PITT_1326	A	0.020885	0.030828	0.000884	-0.021309	0.024666
PITT_1336	A	0.021397	0.028455	0.004494	-0.014253	0.014
PITT_1341	E	0.02167	0.027778	0.005079	0.002145	-0.01034
PITT_1350	E	0.021587	0.021888	0.005069	0.026602	-0.010593
PITT_1361	E	0.021364	0.031424	0.000465	0.007277	-0.036629
PITT_1367	A	0.021935	0.023549	0.006189	-0.005292	0.008883
PITT_1372	E	0.020576	0.029454	-0.001509	-0.009195	-0.052302
PITT_1374	A	0.020603	0.026889	-0.003035	-0.008341	0.006649
PITT_1386	E	0.020377	0.031515	0.001653	-0.004438	-0.017834
PITT_1391	E	0.021191	0.024246	-6e-05	0.016481	-0.023007
PITT_1420	A	0.021215	0.037416	0.002653	-0.034124	0.012221
PITT_1433	A	0.021301	0.028197	0.00055	-0.026917	0.029878
PITT_1453	A	0.022296	0.030047	0.005166	-0.018901	-0.014856
PITT_1454	A	0.021382	0.016621	0.004873	0.00206	-0.007436
PITT_1455	A	0.021524	0.033106	0.001631	-0.02294	0.005417
PITT_1466	D	-0.073926	0.00088	0.025444	-0.00347	-0.014844
PITT_1472	A	0.021539	0.031051	0.004397	-0.001481	-0.001663
PITT_1474	A	0.021659	0.037565	0.001206	-0.017088	-0.005973
PITT_1506	E	0.020882	0.021972	-0.001256	0.004762	-0.008914
PITT_1518	G	0.020212	-0.006212	-0.00133	0.062762	-0.010729
PITT_1524	A	0.020947	0.030004	0.001137	-0.003177	0.003461
PITT_1542	A	0.021561	0.03173	0.002021	-0.005675	-0.001871
PITT_1543	A	0.02121	0.030811	0.005177	-0.021055	0.010543
PITT_1554	A	0.020557	0.019697	0.0018	-0.015973	0.007883
PITT_1555	A	0.020802	0.030436	0.001666	0.02006	0.016373
PITT_1558	E	0.021337	0.026292	0.00647	0.01056	-0.006716
PITT_1579	G	0.021274	-0.002369	0.00229	0.053932	0.000804
PITT_1581	E	0.020518	0.02583	0.005338	0.023479	0.004034
PITT_1583	A	0.020659	0.032708	-0.000906	-0.017321	0.008639
PITT_1635	E	0.021302	0.034253	0.00473	0.007672	-0.022589
PITT_1649	D	-0.084346	0.000914	0.026506	-0.000452	-0.008096
PITT_1686	D	-0.086238	0.000989	0.028852	-0.001586	-0.002275
PITT_1691	A	0.020767	0.034568	-0.002608	-0.011781	-0.005159
PITT_1706	D	-0.085329	0.00081	0.022177	0.003985	0.005343
PITT_1712	A	0.020366	-0.005286	-0.001387	-0.019046	0.006125
PITT_1734	A	0.021355	0.035425	0.002184	-0.039596	0.025398
PITT_1792	A	0.021384	0.028542	0.004624	-0.012827	-0.026367
PITT_516	D	-0.080189	0.000981	0.028086	-0.006051	-0.016674
PITT_533	F	0.019809	-0.021164	-0.000252	0.100406	-0.018195
PITT_537	E	0.021748	0.027265	-0.000896	0.026615	-0.012034
PITT_539	A	0.021025	0.028614	-0.004142	-0.013898	-0.00802
PITT_546	A	0.021248	0.026025	0.000873	-0.020687	0.00488
PITT_547	D	-0.080987	0.00074	0.017992	0.003107	-0.006698
PITT_551	A	0.021441	0.033905	0.003449	-0.030051	0.023617
PITT_566	A	0.021431	0.022561	0.004818	0.010198	0.029698
PITT_567	A	0.021239	0.022211	-9.7e-05	-0.027974	-0.000811
PITT_581	A	0.021898	0.016972	0.006644	-0.013164	0.007561
PITT_587	D	-0.085569	0.000879	0.021854	-0.00306	0.004072
PITT_592	D	-0.087312	0.000837	0.018484	-0.005192	-0.000231
PITT_604	E	0.020616	0.000108	0.00538	0.007929	-0.000942
PITT_621	G	0.016676	-0.039214	-0.009108	0.113607	-0.055942
PITT_622	A	0.020823	0.02904	-0.003016	-0.022332	0.001446
PITT_625	D	-0.080005	0.001018	0.019075	-0.006876	-0.006787
PITT_630	A	0.020895	0.0283	0.003239	-0.004148	0.025972
PITT_634	A	0.02063	0.020231	-0.002393	0.010962	0.010947
PITT_640	A	0.020127	0.024201	-0.008324	-0.007409	0.020341
PITT_656	D	-0.074902	0.000934	0.030661	-0.003151	-0.031096
PITT_665	D	-0.067979	0.000974	0.027321	-0.009146	-0.005634
PITT_681	A	0.021156	0.020597	0.003103	-0.017471	0.006904
PITT_685	A	0.021925	0.017359	0.00128	0.002445	0.003736
PITT_686	E	0.021385	0.028175	0.003508	0.018296	-0.04332
PITT_694	A	0.021532	0.030465	0.005751	-0.010663	-0.003836
PITT_700	G	0.020204	-0.004967	-0.001258	0.041604	-0.004473
PITT_722	D	-0.085255	0.000881	0.031072	-0.000885	-0.01538
PITT_727	D	-0.08634	0.00098	0.031686	-0.00115	-0.007113
PITT_739	A	0.021933	0.023356	0.007793	-0.003762	0.009197
PITT_781	D	-0.084902	0.000748	0.02168	-1e-04	0.001147
PITT_787	D	-0.085011	0.00087	0.022608	-0.00391	0.000492
PITT_802	E	0.020652	0.014793	-0.003237	-0.020771	-0.049072
PITT_806	F	0.019373	-0.037481	0.001924	0.148831	-0.01979
PITT_818	A	0.021265	0.027275	0.00634	0.006609	0.01862
PITT_822	D	-0.085433	0.000863	0.029643	0.000615	-0.010596
PITT_829	E	0.020704	-0.001991	0.006183	0.023582	-0.008595
PITT_852	A	0.021644	0.032399	0.001688	-0.011479	0.010895
PITT_857	A	0.020509	0.025007	-0.00191	-0.031377	0.030459
PITT_871	E	0.02106	0.0107	0.005577	0.020086	-0.000651
PITT_878	A	0.021011	0.03289	0.000868	-0.031377	0.012202
PITT_902	A	0.021121	0.017958	-0.002393	-0.006474	-0.015718
PITT_904	E	0.020385	0.01858	0.002209	0.034594	0.027685
PITT_917	E	0.021532	0.004611	0.001182	0.035402	-0.00508
PITT_933	E	0.021552	0.027186	0.002711	-0.00415	-0.016246
PITT_970	A	0.021446	0.028486	0.002581	-0.009395	0.003469
PITT_987	A	0.020735	0.024447	-0.000357	-0.046726	0.007805
PITT_988	A	0.021729	0.024645	0.00484	-0.033656	0.00932
Pitt_BP_10004	A	0.021446	0.030437	0.007615	-0.012954	0.006879
Pitt_BP_10006	A	0.02153	0.034585	-0.003251	-0.017791	0.021989
Pitt_BP_10014	A	0.021672	0.030289	0.007079	-0.012707	0.005933
Pitt_BP_10019	D	-0.086498	0.00094	0.029229	-0.001641	-0.008176
Pitt_BP_1020	A	0.020862	0.042404	-0.004882	-0.034313	-0.027773
Pitt_BP_1031	A	0.021695	0.021872	0.00564	-0.026489	0.016158
Pitt_BP_1044	A	0.021391	0.013006	0.006988	-0.014247	-0.024836
Pitt_BP_1048	E	0.020361	0.004485	0.002882	0.021954	-0.000852
Pitt_BP_1069	A	0.021396	0.028203	0.004762	-0.009986	0.020874
Pitt_BP_1081	A	0.021655	0.02079	0.003191	-0.011087	-0.009921
Pitt_BP_1102	E	0.02116	0.011313	0.006542	0.028658	0.009715
Pitt_BP_1121	A	0.0159	0.01715	-0.023785	0.010809	0.037032
Pitt_BP_1130	A	0.021185	0.022827	-0.000868	0.014235	0.01924
Pitt_BP_1153	A	0.02038	0.038306	-0.010505	-0.013872	0.036575
Pitt_BP_1180	A	0.021178	0.034292	0.001254	-0.038271	0.006135
Pitt_BP_1181	A	0.02154	0.032559	0.005849	-0.011171	-0.00724
Pitt_BP_1196	A	0.020526	0.030858	0.00163	-0.028205	0.009342
Pitt_BP_1207	A	0.021077	0.033378	-0.003392	-0.001982	0.013308
Pitt_BP_1244	A	0.02102	0.032589	0.006585	-0.033427	-0.005907
Pitt_BP_1293	A	0.020858	0.028377	-0.000864	-0.032741	0.001187
Pitt_BP_1298	E	0.021788	0.021271	0.003287	0.016592	-0.045439
Pitt_BP_1328	A	0.021147	0.029518	-0.000781	-0.021974	0.017489
Pitt_BP_1394	E	0.021971	0.027642	0.003317	0.015137	-0.009067
Pitt_BP_1403	A	0.020883	0.026073	0.005278	0.01044	-0.000573
Pitt_BP_1429	D	-0.085523	0.001002	0.029315	-0.003487	-0.005314
Pitt_BP_1444	A	0.021805	0.030909	0.002339	-0.037374	-0.012176
Pitt_BP_1449	A	0.021867	0.03511	0.004208	-0.024932	0.012337
Pitt_BP_1461	A	0.021621	0.028496	0.002479	-0.01102	0.001994
Pitt_BP_1473	E	0.020029	-0.005173	0.00169	0.01655	-0.022476
Pitt_BP_1482	E	0.021571	0.011868	0.003898	0.011252	0.000264
Pitt_BP_1483	A	0.021415	0.025365	0.002891	-0.024626	-0.006069
Pitt_BP_1489	A	0.021619	0.020499	0.004939	-0.013177	0.015985
Pitt_BP_1537	E	0.020685	0.025418	-0.000604	-0.002947	-0.010426
Pitt_BP_1565	A	0.021265	0.029172	0.001991	-0.032271	0.00968
Pitt_BP_1573	A	0.021614	0.024211	0.000672	-0.015323	0.026525
Pitt_BP_1584	A	0.021597	0.032233	0.007608	-0.001513	0.00502
Pitt_BP_1589	E	0.020498	0.020265	0.00122	0.026989	0.009115
Pitt_BP_1598	G	0.021372	-0.001977	0.004302	0.045969	-0.00895
Pitt_BP_1603	E	0.021684	0.021119	0.004251	0.0517	0.000687
Pitt_BP_1605	E	0.021294	0.011149	0.000449	0.033202	-0.000765
Pitt_BP_1632	D	-0.082308	0.000741	0.021053	0.001704	-0.016303
Pitt_BP_1637	G	0.019413	0.003991	-0.001367	0.050231	0.009599
Pitt_BP_1694	A	0.021125	0.029083	0.003348	0.013813	0.025151
Pitt_BP_1695	A	0.020877	0.026333	0.005609	0.001655	0.01109
Pitt_BP_1770	E	0.021295	0.008172	0.005899	0.029881	0.011766
Pitt_BP_1783	A	0.020376	0.031803	-0.003585	-0.019665	0.006521
Pitt_BP_1789	E	0.021378	0.032214	0.003927	0.001671	-0.014852
Pitt_BP_697	A	0.021522	0.029397	0.003764	0.003958	0.00874
Pitt_BP_716	A	0.022012	0.026969	0.008104	-0.00968	0.014029
Pitt_BP_789	E	0.020518	0.005529	-0.004715	0.015522	-0.031024
Pitt_BP_795	A	0.020217	0.008747	0.001513	-0.004369	0.000657
Pitt_BP_838	A	0.021351	0.022917	-0.002853	-0.02443	-0.003384
Pitt_BP_840	E	0.021397	0.030807	0.004448	0.001435	-0.033973
Pitt_BP_841	A	0.022089	0.024617	0.008586	-0.003435	-0.002445
Pitt_BP_849	G	0.0198	-0.004122	0.002624	0.070228	-0.005173
Pitt_BP_886	A	0.021136	0.025382	0.003676	-0.005235	0.017639
Pitt_BP_945	B	0.019036	-0.074294	0.009424	-0.06522	0.02532
Pitt_BP_957	A	0.021018	0.024439	-0.002284	-0.040396	-0.014754
Pitt_BP_982	E	0.020327	0.014785	0.000984	0.020819	0.02201
Pitt_BP_984	A	0.021892	0.026422	0.002967	-0.017998	-0.012092
