"","TOTAL_READS","PF_READS_ALIGNED","PF_HQ_ALIGNED_READS","PCT_CHIMERAS","CODING_BASES","MEDIAN_CV_COVERAGE","MEDIAN_5PRIME_BIAS","MEDIAN_3PRIME_BIAS","MEDIAN_5PRIME_TO_3PRIME_BIAS","AT_Dropout","GC_Dropout","Read_Pair_Duplicates","Read_Pair_Optical_Duplicates"
"MSSM_RNA_BP_PFC_10",69099512,69099512,67029463,0.018911,610190884,0.40813,0.543044,0.871559,0.632855,4.626125,2.985792,3008447,1947777
"MSSM_RNA_BP_PFC_11",89294712,89294712,86303161,0.015482,1299741038,0.363199,0.723365,0.882505,0.828377,20.038811,0.611209,7804088,6331654
"MSSM_RNA_BP_PFC_12",84014909,84014909,81055114,0.0165,1041168696,0.422659,0.600933,0.812494,0.745457,10.587564,2.326394,8636662,5113413
"MSSM_RNA_BP_PFC_13",84693397,84693397,81915166,0.015058,995370652,0.388002,0.586266,0.911025,0.65484,10.459701,1.980256,5156705,3819129
"MSSM_RNA_BP_PFC_14",76702466,76702466,74196581,0.01637,955293921,0.427705,0.58368,0.806905,0.728669,5.285144,2.645928,4036229,1763148
"MSSM_RNA_BP_PFC_15",81201872,81201872,78653012,0.015714,1101804485,0.386568,0.585907,0.923893,0.634824,13.239489,1.173744,5493980,4121325
"MSSM_RNA_BP_PFC_16",88323344,88323344,86038261,0.016717,1072232328,0.360196,0.628556,0.911603,0.680901,9.338421,0.878276,4278987,2495370
"MSSM_RNA_BP_PFC_17",76044902,76044902,72411167,0.014039,1175169505,0.38046,0.663248,0.890003,0.746109,20.812174,1.526685,6849752,5655684
"MSSM_RNA_BP_PFC_18",79931267,79931267,76583137,0.014863,1521638863,0.421504,0.552885,0.791362,0.722292,11.382102,1.666203,5722390,3865272
"MSSM_RNA_BP_PFC_19",98561213,98561213,94746174,0.011323,1887024136,0.485173,0.466539,0.760376,0.613155,6.189326,4.092898,7700118,4048397
"MSSM_RNA_BP_PFC_20",88033549,88033549,84436192,0.016685,1591023736,0.396814,0.697769,0.830169,0.814327,17.507835,0.440521,6212813,4503703
"MSSM_RNA_BP_PFC_23",67183666,67183666,64697813,0.014239,851771489,0.397921,0.599208,0.943403,0.634011,14.975826,2.72542,6249574,4921233
"MSSM_RNA_BP_PFC_24",156692872,156692872,150682528,0.012922,2937570752,0.481976,0.514806,0.766673,0.687143,7.80367,2.285192,12906385,5686438
"MSSM_RNA_BP_PFC_2",98261133,98261133,95457097,0.017745,978810067,0.421884,0.517308,0.828332,0.616071,4.897886,3.755613,4879221,2529399
"MSSM_RNA_BP_PFC_4",60836638,60836638,58633075,0.015534,696262520,0.440694,0.590267,0.794847,0.734119,11.703123,1.220112,3231850,2522727
"MSSM_RNA_BP_PFC_5",82140641,82140641,79660070,0.019409,761684480,0.413423,0.513965,0.88053,0.600837,7.297003,3.158587,4549490,3277299
"MSSM_RNA_BP_PFC_6",58390745,58390745,56799972,0.021723,527386980,0.396629,0.564254,0.905547,0.615521,6.478782,3.01589,3054249,2154427
"MSSM_RNA_BP_PFC_7",73297513,73297513,70945889,0.016786,1123724686,0.384892,0.606362,0.863125,0.6958,10.364999,1.087497,3967954,2510380
"MSSM_RNA_BP_PFC_8",93113275,93113275,89923896,0.012293,1565022636,0.514762,0.434742,0.767096,0.578903,5.029182,4.46813,4907186,2654551
"MSSM_RNA_BP_PFC_9",108765428,108765428,104052511,0.017663,1357318036,0.462898,0.45065,0.779091,0.608559,8.047707,2.743614,5938086,4043379
"MSSM_RNA_PFC_100",111594226,111594226,108302619,0.013932,1720357724,0.449996,0.491021,0.790828,0.632085,4.326431,2.446605,4671351,2263887
"MSSM_RNA_PFC_101",52754369,52754369,51105585,0.016748,602380296,0.476302,0.447463,0.78196,0.570893,4.198427,3.655108,2129809,939704
"MSSM_RNA_PFC_102",68565407,68565407,66773138,0.024573,86518936,0.575177,0.458623,0.801005,0.575988,4.90075,5.253598,4128512,1378780
"MSSM_RNA_PFC_106",69458555,69458555,67432783,0.0175,554167561,0.45697,0.447539,0.80915,0.567953,5.625448,4.063845,4422546,2633367
"MSSM_RNA_PFC_108",81336495,81336495,78160323,0.013062,1785161221,0.396647,0.713717,0.831992,0.823611,25.762344,0.265029,7472986,5901290
"MSSM_RNA_PFC_109",78349744,78349744,76203352,0.014963,693152094,0.537637,0.350809,0.74656,0.480683,5.275527,5.559307,6603549,2509361
"MSSM_RNA_PFC_10",76939393,76939393,75221967,0.017104,1043695687,0.449672,0.559424,0.790671,0.708929,4.275615,1.309156,4103294,1429482
"MSSM_RNA_PFC_110",118257220,118257220,114415410,0.013746,1777082895,0.429787,0.554246,0.803116,0.700744,7.863911,1.725257,6845938,4028425
"MSSM_RNA_PFC_111",72745678,72745678,70069659,0.020558,674853037,0.403766,0.601704,0.834473,0.720619,10.760752,1.470969,3231158,2219742
"MSSM_RNA_PFC_112",75884892,75884892,74161191,0.016239,806501978,0.439014,0.368535,0.890745,0.420544,4.794564,5.648632,7595277,2853583
"MSSM_RNA_PFC_113",88052973,88052973,84656957,0.014612,1255781322,0.401027,0.621387,0.834699,0.758144,12.456524,1.48084,5444704,3955882
"MSSM_RNA_PFC_114",78764116,78764116,76767125,0.019467,892351112,0.388075,0.550825,0.87564,0.631277,4.889407,2.636252,3174641,1657109
"MSSM_RNA_PFC_116",63992237,63992237,62204657,0.023989,172006674,0.479319,0.459526,0.827611,0.568652,3.98806,4.220839,2966306,956004
"MSSM_RNA_PFC_117",52417001,52417001,50953234,0.015897,631895573,0.533161,0.601293,0.719798,0.827126,4.006728,2.184678,6579644,2366853
"MSSM_RNA_PFC_118",76124168,76124168,74142432,0.018167,617975969,0.431599,0.522636,0.929131,0.575546,8.449264,3.628152,6199539,4230987
"MSSM_RNA_PFC_119",85485580,85485580,81944392,0.013802,1734874993,0.447818,0.536539,0.807724,0.696051,9.198295,2.351944,11432168,5380104
"MSSM_RNA_PFC_11",69881277,69881277,67769553,0.015114,735100242,0.429152,0.673793,0.908132,0.745724,20.04285,1.872735,8049738,6448833
"MSSM_RNA_PFC_120",86083911,86083911,80787790,0.014844,1614558128,0.419631,0.610753,0.817954,0.736441,14.78669,2.748097,7278510,4902194
"MSSM_RNA_PFC_121",57918744,57918744,56234917,0.016355,756205008,0.415394,0.574516,0.81699,0.707766,6.161129,2.147373,5837095,2244208
"MSSM_RNA_PFC_122",72513989,72513989,70597817,0.016282,622776785,0.476323,0.468898,0.798176,0.610093,5.451885,3.034342,5024701,2671972
"MSSM_RNA_PFC_123",57030664,57030664,55031486,0.015956,861804166,0.377517,0.777626,0.860593,0.878568,24.428868,0.520029,5454367,4552516
"MSSM_RNA_PFC_124",100433571,100433571,97215909,0.016728,1065540765,0.441777,0.449693,0.811046,0.570595,8.919201,2.213005,5273038,3992438
"MSSM_RNA_PFC_125",110739875,110739875,107502857,0.026619,358779964,0.486034,0.559358,0.822127,0.696628,3.302387,3.129175,12313507,4582627
"MSSM_RNA_PFC_126",50654737,50654737,49040098,0.015257,653080457,0.375895,0.64801,0.846766,0.763413,8.90903,2.393353,4600931,2274024
"MSSM_RNA_PFC_127",64834476,64834476,63081900,0.014724,1279433947,0.509393,0.467299,0.741732,0.615347,5.175896,1.443187,8702936,3240577
"MSSM_RNA_PFC_128",69441594,69441594,67958811,0.015168,606518134,0.486683,0.396547,1.048134,0.386419,4.158584,3.381876,5782575,2016215
"MSSM_RNA_PFC_129",75194072,75194072,73377869,0.013228,1123553338,0.445025,0.465541,0.806402,0.590448,4.874556,4.79969,5439558,1945582
"MSSM_RNA_PFC_12",61724206,61724206,58271764,0.01411,889749171,0.437007,0.582572,0.850989,0.678347,15.575819,2.426181,4697774,3727881
"MSSM_RNA_PFC_130",52543373,52543373,50989881,0.014157,372418428,0.582584,0.241394,0.85984,0.266255,8.297672,6.436976,5028950,1909144
"MSSM_RNA_PFC_131",46440848,46440848,45044995,0.016701,474448193,0.536268,0.604439,0.700318,0.826081,5.319735,2.290727,4418301,1920745
"MSSM_RNA_PFC_132",56999814,56999814,55147938,0.0193,550483007,0.394371,0.585356,0.856963,0.705902,9.013971,3.187863,3900837,2544585
"MSSM_RNA_PFC_133",69771850,69771850,67322173,0.015436,794458169,0.5546,0.367172,0.714188,0.505652,3.28891,3.540952,11091438,4480796
"MSSM_RNA_PFC_134",87833455,87833455,84088407,0.01722,1396641179,0.406853,0.631504,0.8505,0.752445,17.125835,1.100693,7653806,5941893
"MSSM_RNA_PFC_135",56945778,56945778,55743955,0.015671,463879012,0.479695,0.378601,0.824857,0.468702,3.614189,4.14189,3574827,1259720
"MSSM_RNA_PFC_136",62104957,62104957,60686629,0.014856,718727557,0.430789,0.439957,0.858382,0.522781,5.15576,4.830843,6356340,2404017
"MSSM_RNA_PFC_137",91077017,91077017,87769866,0.014124,1166118569,0.438639,0.493031,0.846201,0.574619,7.500486,3.148822,4497672,3133295
"MSSM_RNA_PFC_139",63343308,63343308,61088771,0.017165,1053754001,0.632125,0.293552,0.703728,0.442035,3.867598,1.953732,10833602,4358786
"MSSM_RNA_PFC_13",64018343,64018343,61491703,0.014197,953514175,0.517989,0.541702,0.750427,0.745537,7.208905,2.473966,4386129,2240207
"MSSM_RNA_PFC_140",61618998,61618998,59398573,0.016482,774605515,0.412244,0.608101,0.801458,0.773529,11.405438,1.80537,3229687,2360575
"MSSM_RNA_PFC_141",75711496,75711496,74235177,0.015072,781872819,0.49759,0.446943,1.084307,0.419572,4.076462,3.35123,6490079,2336708
"MSSM_RNA_PFC_142",47834734,47834734,46617594,0.015128,761441637,0.486046,0.556884,0.725422,0.777282,9.064082,0.210105,6564731,2519103
"MSSM_RNA_PFC_143",86487720,86487720,84657022,0.015586,903243915,0.468906,0.431915,0.974589,0.451601,4.10811,3.411334,7137626,2506834
"MSSM_RNA_PFC_144",78620961,78620961,76212719,0.019763,677915166,0.444057,0.54759,0.86969,0.639712,8.839975,3.61468,6540636,4559827
"MSSM_RNA_PFC_145",79440919,79440919,76573013,0.017628,909718896,0.430861,0.510929,0.852795,0.621335,11.495792,2.019325,5582911,4439131
"MSSM_RNA_PFC_146",63077377,63077377,61411027,0.013552,637372305,0.547449,0.362249,0.759905,0.500084,6.184954,5.688599,3775251,1501981
"MSSM_RNA_PFC_147",66644622,66644622,64697416,0.013372,873037933,0.64029,0.375685,0.71773,0.510577,5.931417,5.373308,8303725,3153630
"MSSM_RNA_PFC_148",75564759,75564759,73821169,0.016263,889705877,0.466957,0.53179,1.090089,0.451762,5.861303,2.118686,5725877,2835258
"MSSM_RNA_PFC_149",68234881,68234881,66179280,0.01673,790833482,0.403744,0.561341,0.867924,0.679491,11.911914,1.130919,3346423,2622241
"MSSM_RNA_PFC_151",67803119,67803119,65845287,0.014438,1098721976,0.380179,0.623635,0.83779,0.740607,8.941849,1.302387,4425138,1897348
"MSSM_RNA_PFC_152",60114546,60114546,58580953,0.01558,881287346,0.389944,0.587884,0.817367,0.705641,5.799315,2.045494,7876765,2845319
"MSSM_RNA_PFC_153",68259014,68259014,66439725,0.01754,604772665,0.445677,0.561044,0.829305,0.677761,6.88085,4.028154,4881011,3057713
"MSSM_RNA_PFC_154",57936948,57936948,55746598,0.014637,879688761,0.475264,0.511473,0.739595,0.713571,8.379297,1.211967,1976093,1056513
"MSSM_RNA_PFC_155",75962101,75962101,74382533,0.014592,1138250868,0.426238,0.571173,0.917274,0.63711,4.506124,1.382892,6949635,2372124
"MSSM_RNA_PFC_156",61988104,61988104,60032586,0.020098,557128348,0.411883,0.501755,0.887168,0.572626,6.058234,2.274301,2167183,1545553
"MSSM_RNA_PFC_157",53747242,53747242,52390841,0.023203,172897064,0.449505,0.467487,0.839254,0.559915,4.920765,4.55451,2285296,801085
"MSSM_RNA_PFC_158",78852997,78852997,75586090,0.016458,743604580,0.435633,0.490314,0.837974,0.614571,12.762551,2.569722,5672440,4389300
"MSSM_RNA_PFC_15",61947600,61947600,60244019,0.015434,512552346,0.494216,0.432599,0.805961,0.536921,7.397848,5.351245,8575295,4232277
"MSSM_RNA_PFC_160",96150601,96150601,93312494,0.018904,878786509,0.408464,0.543594,0.893937,0.630457,6.310228,3.759788,5494135,3356870
"MSSM_RNA_PFC_161",112095191,112095191,109250327,0.015382,1127524061,0.508688,0.456701,1.022099,0.446789,6.03365,4.142253,11495099,4959510
"MSSM_RNA_PFC_162",64563993,64563993,62954290,0.024443,225439326,0.429829,0.532046,0.866815,0.605637,5.477661,3.359605,2500524,866795
"MSSM_RNA_PFC_163",85040315,85040315,82806752,0.013437,797493048,0.743973,0.24375,0.644694,0.364657,4.745297,7.304759,20303340,8387501
"MSSM_RNA_PFC_164",66066180,66066180,64316391,0.019783,492700883,0.464815,0.449381,0.814753,0.577324,4.165082,3.222901,3657439,1936638
"MSSM_RNA_PFC_165",82519448,82519448,80960038,0.014078,1166736413,0.447689,0.42439,1.050679,0.403171,4.6013,2.737426,8759734,3225318
"MSSM_RNA_PFC_166",94210945,94210945,92263689,0.015379,1225882227,0.435208,0.536204,0.983166,0.531491,4.236314,2.756863,8280281,2974252
"MSSM_RNA_PFC_167",98964356,98964356,86001544,0.009531,2042446248,0.420407,0.808616,0.77617,0.99109,37.460656,2.706166,13386208,11299979
"MSSM_RNA_PFC_168",64303672,64303672,62070327,0.016931,514835368,0.524716,0.384137,0.799508,0.496238,5.662653,3.35119,5798456,3182723
"MSSM_RNA_PFC_16",102634578,102634578,98556290,0.016186,1274050527,0.427025,0.580016,0.813031,0.700332,13.352476,0.395421,5041226,3703123
"MSSM_RNA_PFC_170",66316544,66316544,64364683,0.016408,952885193,0.440299,0.669929,0.767192,0.870337,6.153955,1.804678,3854832,1585320
"MSSM_RNA_PFC_171",70643643,70643643,68911627,0.016298,447050107,0.476263,0.397983,0.83614,0.479578,4.623873,3.223995,3506039,1520949
"MSSM_RNA_PFC_172",91288122,91288122,89245042,0.016209,857377324,0.418572,0.456455,0.827295,0.583791,4.396074,2.974302,3415743,1482881
"MSSM_RNA_PFC_173",68301965,68301965,66224191,0.017474,549577430,0.46063,0.484288,0.79279,0.655305,8.275354,2.124926,5835851,3420583
"MSSM_RNA_PFC_174",79104895,79104895,76422778,0.016633,1054350670,0.425048,0.531032,0.806949,0.656624,13.174756,0.256009,3488928,2481161
"MSSM_RNA_PFC_175",90861819,90861819,87358073,0.016973,1237004091,0.427122,0.584136,0.822013,0.721662,8.356959,2.357374,5247738,3253794
"MSSM_RNA_PFC_176",80109555,80109555,78011827,0.014296,788738682,0.556698,0.33933,0.732934,0.52502,5.056625,5.857013,5114209,1891806
"MSSM_RNA_PFC_177",66075991,66075991,64625020,0.01722,740873886,0.443918,0.407576,0.868633,0.449702,3.0754,4.188622,7153761,3183973
"MSSM_RNA_PFC_179",67056850,67056850,65127632,0.01947,565659498,0.434782,0.477113,0.830714,0.582141,4.968788,2.274327,2289512,1622944
"MSSM_RNA_PFC_180",80799192,80799192,78395825,0.015929,1054060336,0.412753,0.556238,0.858403,0.663476,4.707281,2.965128,7738174,3478414
"MSSM_RNA_PFC_181",61513183,61513183,59847354,0.013511,649513558,0.623973,0.30531,0.685776,0.418696,5.959991,6.809397,6162923,2174687
"MSSM_RNA_PFC_182",77535905,77535905,75388188,0.017429,671746715,0.500119,0.46512,0.756971,0.637622,4.378448,3.951819,3121934,1607244
"MSSM_RNA_PFC_183",71908082,71908082,69809083,0.017489,705617429,0.450084,0.445219,0.925051,0.52718,6.635178,2.435175,5425181,3207181
"MSSM_RNA_PFC_184",64723236,64723236,62335577,0.017913,756689288,0.375369,0.619632,0.901047,0.681113,13.405529,1.540483,3777934,2906019
"MSSM_RNA_PFC_185",88370813,88370813,83107832,0.011683,1852613291,0.503631,0.447098,0.770636,0.591298,10.805128,4.15472,7500867,4363386
"MSSM_RNA_PFC_186",65463311,65463311,63855642,0.01663,897660219,0.420915,0.581965,0.770373,0.760495,6.516166,1.498858,3386297,1485794
"MSSM_RNA_PFC_187",81066150,81066150,78483567,0.015566,1226439771,0.390672,0.628556,0.835302,0.74476,10.372104,0.950106,3604994,2447346
"MSSM_RNA_PFC_188",87075767,87075767,85138665,0.015693,962365584,0.457952,0.439453,1.019549,0.429891,5.260087,3.732036,5591443,2481390
"MSSM_RNA_PFC_189",102993061,102993061,99893387,0.015968,1112046270,0.462915,0.472959,0.797231,0.594308,5.682702,2.885216,4841086,3313699
"MSSM_RNA_PFC_192",77781097,77781097,74742168,0.015547,819734732,0.462528,0.720539,0.801219,0.898613,18.319482,1.935778,10788735,7149427
"MSSM_RNA_PFC_194",101040814,101040814,96582717,0.01608,1104905962,0.406411,0.714843,0.910351,0.76212,22.486792,2.486241,14128372,10837941
"MSSM_RNA_PFC_195",66469280,66469280,64835815,0.013357,939455977,0.516905,0.445737,0.745845,0.596599,4.155878,4.407355,2908347,1070766
"MSSM_RNA_PFC_196",66016402,66016402,64546947,0.017011,532503916,0.510501,0.340204,0.787239,0.477167,3.391935,3.65556,6883385,2329851
"MSSM_RNA_PFC_197",86381682,86381682,84092005,0.015755,1191026181,0.42393,0.603183,0.950921,0.577086,8.80546,1.135142,5284531,2859106
"MSSM_RNA_PFC_1",61235015,61235015,59720219,0.018732,597648221,0.437143,0.421329,0.837731,0.505231,3.522753,3.770584,2631152,1106753
"MSSM_RNA_PFC_200",75289565,75289565,73199020,0.014142,1097532518,0.604024,0.41742,0.721934,0.582954,3.555258,4.122321,3459807,1273601
"MSSM_RNA_PFC_201",89633226,89633226,87460708,0.015796,899019451,0.415532,0.480451,0.890425,0.563694,4.193033,4.107879,4194269,1875548
"MSSM_RNA_PFC_202",123609303,123609303,118916972,0.013611,2115737915,0.386218,0.696748,0.836759,0.839269,15.574298,0.670061,8829938,5626592
"MSSM_RNA_PFC_204",66585053,66585053,64818450,0.015086,652872516,0.43748,0.436895,0.835654,0.575,6.015256,5.335421,3511437,1566499
"MSSM_RNA_PFC_205",64618775,64618775,63160034,0.015114,563725346,0.447669,0.397173,0.937209,0.422337,4.363219,4.576777,3112541,1284897
"MSSM_RNA_PFC_208",67018252,67018252,65239164,0.01819,636528395,0.409859,0.531711,0.871458,0.622081,6.215727,1.717447,2369358,1655393
"MSSM_RNA_PFC_209",86736597,86736597,83971746,0.017715,1021146782,0.402022,0.583924,0.845384,0.715269,11.591543,0.118928,3363449,2386372
"MSSM_RNA_PFC_20",70744938,70744938,68593899,0.016926,643377036,0.519055,0.445228,0.743508,0.583133,4.073732,3.982455,4111774,1763553
"MSSM_RNA_PFC_210",59396308,59396308,57520023,0.027385,391680494,0.418633,0.559745,0.822219,0.693353,7.565361,0.896019,2274306,1516694
"MSSM_RNA_PFC_211",69424588,69424588,66879219,0.016233,826681093,0.606983,0.47846,0.680147,0.700897,4.385918,2.040312,13630520,5276066
"MSSM_RNA_PFC_212",49897493,49897493,48753335,0.016445,353289858,0.445221,0.397692,0.752461,0.546485,3.883568,2.153667,1523771,763793
"MSSM_RNA_PFC_220",52379046,52379046,50293230,0.019082,378024934,0.435252,0.525094,0.773237,0.665201,7.003096,1.995967,1935862,1232315
"MSSM_RNA_PFC_221",79961814,79961814,78009429,0.019146,637535672,0.422102,0.453805,0.91579,0.513744,3.881468,3.653798,2569361,1181923
"MSSM_RNA_PFC_223",77660200,77660200,75397810,0.016452,847991606,0.426573,0.504217,0.836256,0.606512,8.470565,1.338221,3879338,2565624
"MSSM_RNA_PFC_226",59313119,59313119,57646363,0.012788,619144747,0.574426,0.470291,0.720255,0.670003,4.3308,3.080528,9054031,3285172
"MSSM_RNA_PFC_228",82025160,82025160,78675135,0.024818,609420980,0.400547,0.596302,0.846178,0.69905,9.012593,1.625664,3862582,2385882
"MSSM_RNA_PFC_229",107819099,107819099,104833367,0.017217,1285628384,0.419879,0.550489,0.833993,0.662938,6.15412,1.28614,4216064,2173901
"MSSM_RNA_PFC_22",65940389,65940389,64362211,0.015768,650245389,0.426652,0.448705,0.902854,0.488558,5.156911,4.912704,2559178,1271326
"MSSM_RNA_PFC_230",84652369,84652369,82546601,0.012786,1220852443,0.654098,0.341551,0.677459,0.525243,3.373987,5.500959,4667264,1756149
"MSSM_RNA_PFC_231",67989116,67989116,66159568,0.013514,1118041729,0.45523,0.482649,0.782179,0.637908,3.911505,3.469455,4254683,1612925
"MSSM_RNA_PFC_232",51772756,51772756,50187269,0.016293,661493211,0.377151,0.603349,0.915311,0.651104,14.603624,2.041512,4585475,3550369
"MSSM_RNA_PFC_233",70980336,70980336,69521446,0.014249,679873289,0.450488,0.386741,0.889816,0.4248,4.840198,5.338658,5620290,1928901
"MSSM_RNA_PFC_234",54963283,54963283,53061659,0.017183,557840652,0.39348,0.575452,0.907215,0.644135,10.518529,1.648743,2646530,2012722
"MSSM_RNA_PFC_236",65548008,65548008,63840649,0.01723,1027931126,0.421694,0.577265,0.951255,0.613173,8.011021,0.918243,8026353,3378867
"MSSM_RNA_PFC_237",61692062,61692062,59981678,0.01854,679543090,0.385865,0.596635,0.932883,0.631474,9.403795,1.815286,3521669,2509831
"MSSM_RNA_PFC_238",74038792,74038792,71443324,0.016733,782325599,0.595045,0.404021,0.72992,0.546985,4.501942,4.195394,4464718,1735270
"MSSM_RNA_PFC_239",89298547,89298547,86249886,0.020192,885238642,0.492618,0.474988,0.732263,0.696993,8.178915,1.858517,8157404,4297015
"MSSM_RNA_PFC_240",58860844,58860844,56901267,0.028488,429596539,0.375494,0.647285,0.917145,0.700395,9.149514,1.491893,2811958,1617483
"MSSM_RNA_PFC_241",58742389,58742389,57339521,0.018509,443017297,0.42992,0.499249,0.865911,0.604191,4.640545,3.397878,2660515,1063431
"MSSM_RNA_PFC_242",55597430,55597430,54244979,0.014539,436189785,0.493136,0.539479,0.785279,0.676039,4.663935,3.860591,2593798,969872
"MSSM_RNA_PFC_243",64098670,64098670,62181925,0.018384,626174679,0.457833,0.476077,0.801721,0.597319,3.851335,2.003147,3229019,1500368
"MSSM_RNA_PFC_244",74941168,74941168,73213063,0.015997,918236798,0.439695,0.528367,1.044998,0.490042,5.924642,2.652791,6918962,3051882
"MSSM_RNA_PFC_245",80608063,80608063,75790571,0.014868,1738213593,0.421008,0.622644,0.787736,0.766377,18.538464,0.56081,6396539,4310689
"MSSM_RNA_PFC_246",49749319,49749319,48031922,0.017663,581471396,0.382238,0.680556,0.901371,0.735105,14.365116,1.528453,3524604,2678888
"MSSM_RNA_PFC_248",78445422,78445422,75375228,0.014634,1079583408,0.399067,0.667506,0.853745,0.774923,14.94881,1.710505,5713177,4532757
"MSSM_RNA_PFC_250",57913957,57913957,56342073,0.013314,982687730,0.424787,0.483559,0.798146,0.615231,4.458167,3.218724,4726628,1810302
"MSSM_RNA_PFC_251",89728410,89728410,86716326,0.015709,1110791379,0.458965,0.518431,0.793316,0.692857,7.765377,1.893808,4936093,3009084
"MSSM_RNA_PFC_253",79952717,79952717,77943503,0.022227,198509140,0.451831,0.465447,0.913928,0.531134,3.543896,3.09482,9464534,3183825
"MSSM_RNA_PFC_254",91530652,91530652,88131204,0.018389,989889598,0.401205,0.658266,0.841821,0.759802,7.369706,2.808787,5300568,3577111
"MSSM_RNA_PFC_255",76256860,76256860,74356311,0.017025,920444830,0.430494,0.552633,0.965292,0.579562,5.499192,2.090308,6143948,2735692
"MSSM_RNA_PFC_256",82800303,82800303,79269117,0.016923,1110299890,0.497086,0.451671,0.742183,0.632137,6.338983,2.624904,3778946,2197129
"MSSM_RNA_PFC_257",56542050,56542050,54908834,0.020209,481697985,0.516619,0.454454,0.758163,0.640802,3.759807,1.189827,4045572,1416061
"MSSM_RNA_PFC_258",80761286,80761286,77693226,0.016979,1330586773,0.441077,0.562217,0.8023,0.714298,19.656446,0.09975,4447912,3422677
"MSSM_RNA_PFC_25",68298430,68298430,66503762,0.017974,656300789,0.411954,0.589648,0.877591,0.660645,4.282713,3.325329,2521393,1216723
"MSSM_RNA_PFC_260",90429811,90429811,88148424,0.014096,923145018,0.786779,0.212447,0.641626,0.340648,4.887225,9.380971,28467729,13681453
"MSSM_RNA_PFC_261",91706108,91706108,89237148,0.014975,1058298409,0.515092,0.433538,0.785279,0.587018,4.066482,4.308202,4752393,1930853
"MSSM_RNA_PFC_262",84318448,84318448,81392158,0.016352,812298506,0.429678,0.519664,0.820129,0.644824,11.636584,1.067625,4348372,3320925
"MSSM_RNA_PFC_264",99053838,99053838,95886266,0.018701,673968456,0.456446,0.473369,0.793973,0.607826,5.098844,4.671337,4619267,2174408
"MSSM_RNA_PFC_265",76022163,76022163,73631547,0.022302,543953703,0.422773,0.567063,0.838355,0.679664,4.788832,3.27891,3223781,1452230
"MSSM_RNA_PFC_266",81469460,81469460,79152330,0.018738,800391489,0.408985,0.534866,0.881956,0.646547,7.528911,1.653407,3212012,2188259
"MSSM_RNA_PFC_268",67672943,67672943,66136573,0.015219,673661611,0.478674,0.432562,0.771358,0.541952,3.794903,4.983085,2566804,882379
"MSSM_RNA_PFC_269",55825404,55825404,54472298,0.018797,508354339,0.445979,0.550045,0.830413,0.643729,3.298807,3.177087,1667890,634057
"MSSM_RNA_PFC_26",99104450,99104450,95444902,0.014835,1316604879,0.395657,0.655563,0.849645,0.768829,12.072096,1.672525,6244084,4698904
"MSSM_RNA_PFC_270",126489488,126489488,122572420,0.015944,1193251352,0.436658,0.489575,0.831643,0.605258,7.961011,0.520605,5609256,2789910
"MSSM_RNA_PFC_271",61623660,61623660,59760267,0.018449,451138557,0.47076,0.45254,0.789881,0.567125,3.420798,3.072166,2211989,904725
"MSSM_RNA_PFC_272",61958915,61958915,60044732,0.017442,845382040,0.506414,0.526207,0.729143,0.776479,4.517175,1.747067,4680964,1692770
"MSSM_RNA_PFC_273",86780287,86780287,84358925,0.016969,1123780049,0.520344,0.409746,0.775239,0.572036,3.927579,3.949598,14837735,5748505
"MSSM_RNA_PFC_274",76630220,76630220,74617818,0.01543,960238288,0.466105,0.532763,0.780178,0.691493,3.470901,3.123238,2696141,1045091
"MSSM_RNA_PFC_276",71975846,71975846,69715529,0.015439,655000299,0.447491,0.439618,0.84407,0.544926,5.70078,3.041992,3479048,2561531
"MSSM_RNA_PFC_277",69714603,69714603,67922441,0.018421,953637541,0.375864,0.630523,0.822345,0.774989,6.190033,1.706698,3185030,1263748
"MSSM_RNA_PFC_278",83723211,83723211,79803969,0.017277,1276075838,0.462771,0.535933,0.762527,0.683028,19.294244,0.016014,3734677,2844368
"MSSM_RNA_PFC_279",56977856,56977856,55360514,0.015349,487505709,0.520222,0.42573,0.775265,0.555139,3.615823,3.046728,2423363,896912
"MSSM_RNA_PFC_280",66131621,66131621,63272114,0.016213,832028294,0.406654,0.625596,0.851852,0.725532,14.885757,2.235457,6879023,5481895
"MSSM_RNA_PFC_281",66359343,66359343,63555333,0.016957,741869012,0.409996,0.544967,0.929668,0.588932,11.943161,3.687957,5246303,4086036
"MSSM_RNA_PFC_282",38976317,38976317,37651926,0.016,524731127,0.516801,0.580891,0.726008,0.823624,9.586884,0.960587,2843591,1252957
"MSSM_RNA_PFC_284",92797857,92797857,90188025,0.017098,1027034266,0.447837,0.524398,1.006243,0.514203,6.439056,2.254869,9112815,4140731
"MSSM_RNA_PFC_286",53846398,53846398,52581032,0.016743,696647803,0.477593,0.524507,1.082197,0.476871,4.866347,1.584184,4718118,1913947
"MSSM_RNA_PFC_287",66018805,66018805,64102644,0.016254,990742581,0.414906,0.534107,0.835906,0.638924,4.232713,2.828434,3243037,1460900
"MSSM_RNA_PFC_288",92270162,92270162,88644465,0.014987,1330168687,0.484207,0.476225,0.777561,0.638991,6.054122,4.933604,13759710,5605641
"MSSM_RNA_PFC_289",75188794,75188794,72828578,0.01888,527752813,0.456652,0.423009,0.847344,0.497448,4.454019,3.891389,2493385,1159232
"MSSM_RNA_PFC_28",58249085,58249085,56794844,0.022644,141903154,0.482217,0.459193,0.8327,0.54935,5.933377,6.074888,2557877,777384
"MSSM_RNA_PFC_290",67260066,67260066,65227153,0.018041,603117267,0.402319,0.562686,0.945601,0.598117,8.383786,2.712699,3845655,2802528
"MSSM_RNA_PFC_291",73235509,73235509,71266604,0.01577,779101023,0.511367,0.468352,0.759259,0.634486,3.362422,2.675954,3664699,1300615
"MSSM_RNA_PFC_295",107530203,107530203,105255552,0.015831,1317398825,0.43964,0.522188,0.9391,0.565105,4.046485,2.273344,9104569,3171768
"MSSM_RNA_PFC_296",93956388,93956388,91451595,0.01531,840098569,0.469957,0.425188,0.945005,0.462668,6.848149,3.051916,6882781,4337733
"MSSM_RNA_PFC_297",65437302,65437302,63772555,0.014574,878492370,0.41399,0.508273,0.829759,0.602034,4.376809,3.460719,2733902,1186988
"MSSM_RNA_PFC_298",59763820,59763820,58077701,0.018212,699403921,0.399484,0.540507,0.863863,0.618938,5.691609,1.679985,1954215,1230767
"MSSM_RNA_PFC_299",57067461,57067461,54917231,0.017082,648162660,0.516219,0.393636,0.745248,0.553208,8.09745,1.418307,5803855,2849091
"MSSM_RNA_PFC_29",71426746,71426746,69123502,0.013492,1208426886,0.435217,0.595814,0.773343,0.814249,8.797308,1.412065,2931315,1556313
"MSSM_RNA_PFC_2",76041166,76041166,73996400,0.014761,1016517818,0.593256,0.430441,0.706055,0.638127,3.719298,3.413765,11238337,4036740
"MSSM_RNA_PFC_300",96108979,96108979,90153042,0.013135,1539657039,0.454462,0.587454,0.785106,0.749985,12.344373,2.926321,8066863,5617047
"MSSM_RNA_PFC_301",62276903,62276903,59423101,0.017076,739767225,0.39935,0.605177,0.884429,0.680127,18.671145,1.987548,5743765,4797454
"MSSM_RNA_PFC_302",86689074,86689074,84355595,0.016313,1221448941,0.569566,0.491621,0.708084,0.744811,3.98039,2.069194,9618137,3904529
"MSSM_RNA_PFC_303",68467343,68467343,66604056,0.01296,636108143,0.552856,0.335074,0.725566,0.507594,3.660558,4.765257,6466558,2305441
"MSSM_RNA_PFC_304",65494860,65494860,63804813,0.017748,478587787,0.490869,0.393798,0.827785,0.508901,4.513764,0.757054,12253130,4824473
"MSSM_RNA_PFC_305",104796584,104796584,100153623,0.015532,1283987029,0.442721,0.671886,0.80398,0.830233,20.175991,0.872871,8639923,7271949
"MSSM_RNA_PFC_306",94183737,94183737,90938931,0.020831,391857730,0.526217,0.370543,0.828577,0.447517,4.193022,3.528084,11835371,4672757
"MSSM_RNA_PFC_308",66310772,66310772,64429983,0.020443,442725458,0.399939,0.580105,0.909167,0.630898,4.890339,2.455287,2263577,1105766
"MSSM_RNA_PFC_309",73538920,73538920,71564640,0.013381,767811431,0.649537,0.27155,0.713382,0.378576,5.376752,7.871624,5249007,1869004
"MSSM_RNA_PFC_30",84201763,84201763,82344598,0.016913,532171016,0.4407,0.412848,0.832837,0.525877,4.66092,4.068358,3545064,1471052
"MSSM_RNA_PFC_310",74010211,74010211,71376841,0.013352,1144733244,0.564192,0.467329,0.705827,0.674847,6.262715,4.267078,5283491,2217477
"MSSM_RNA_PFC_311",70177956,70177956,68348040,0.016805,579328026,0.49939,0.373346,0.877804,0.450869,5.02244,3.663069,5226315,2557613
"MSSM_RNA_PFC_312",62653989,62653989,60523851,0.015919,550987138,0.44408,0.548157,0.900993,0.591525,10.653029,2.130437,5952278,3387528
"MSSM_RNA_PFC_313",63280780,63280780,61298168,0.019563,544686210,0.52272,0.765782,0.731479,1.026429,13.968447,1.284126,5302087,3637373
"MSSM_RNA_PFC_314",79272106,79272106,77524598,0.016191,839289936,0.394909,0.504389,0.890593,0.567913,4.401605,3.62303,3624526,1441000
"MSSM_RNA_PFC_315",98903436,98903436,96354015,0.017651,1021539743,0.513921,0.424485,0.726002,0.619684,2.993156,3.19553,8512831,2824599
"MSSM_RNA_PFC_316",82381187,82381187,80353300,0.013523,989672117,0.541737,0.424264,0.758307,0.56612,4.453067,5.218866,7537590,2624008
"MSSM_RNA_PFC_319",75892091,75892091,72382626,0.012607,668714488,0.496048,0.370826,0.795033,0.475514,16.292835,2.006654,7000529,5224128
"MSSM_RNA_PFC_31",67599053,67599053,65852791,0.015533,936540014,0.526119,0.443186,0.734794,0.596519,4.210883,3.898855,5088964,1807445
"MSSM_RNA_PFC_320",71960344,71960344,69451910,0.015724,1113370043,0.370398,0.680185,0.865933,0.806706,14.822629,1.025692,4980026,3654469
"MSSM_RNA_PFC_321",98130122,98130122,94642629,0.01703,1114347905,0.471766,0.624224,0.788705,0.788813,9.15326,2.547473,8853530,5405713
"MSSM_RNA_PFC_323",67713381,67713381,65957477,0.021617,503767089,0.458509,0.487651,0.809137,0.65087,5.002945,2.494037,4201702,2353332
"MSSM_RNA_PFC_326",83181655,83181655,81056253,0.016109,1015684618,0.442561,0.542612,0.996825,0.535616,4.794352,2.467207,9141062,3467683
"MSSM_RNA_PFC_327",83825931,83825931,81568720,0.017818,701815728,0.437398,0.501876,0.893516,0.528382,4.202775,3.515181,3549800,1893701
"MSSM_RNA_PFC_328",70414789,70414789,68195788,0.018584,657561588,0.402688,0.596046,0.949555,0.638288,9.763783,3.437594,5947386,4297946
"MSSM_RNA_PFC_329",91445757,91445757,89178397,0.013381,762085755,0.533868,0.367261,0.783385,0.524155,4.28014,5.753571,5815882,2147912
"MSSM_RNA_PFC_32",77323390,77323390,75199400,0.014472,985365302,0.555395,0.489,0.720951,0.671017,4.166936,3.312485,8521472,2979098
"MSSM_RNA_PFC_330",110147823,110147823,106952852,0.017316,907430185,0.418759,0.492298,0.869421,0.588843,6.3707,3.593859,6128823,4411473
"MSSM_RNA_PFC_331",87042106,87042106,84606761,0.014332,984310364,0.544803,0.393329,0.762534,0.535918,5.553444,5.219917,6444696,2524709
"MSSM_RNA_PFC_336",75495973,75495973,73128807,0.019916,646055169,0.493498,0.460691,0.735254,0.651937,7.569124,1.561497,4762926,2736032
"MSSM_RNA_PFC_337",55333350,55333350,53569802,0.019109,472889288,0.434098,0.512107,0.851618,0.594424,4.46112,2.912718,1768012,924731
"MSSM_RNA_PFC_338",85284363,85284363,82673271,0.016648,1163057132,0.39512,0.601967,0.828738,0.737478,9.31079,0.866822,3399666,2232705
"MSSM_RNA_PFC_339",138726570,138726570,132006984,0.012725,2297132752,0.448197,0.567183,0.778352,0.751947,15.588411,1.118011,9379622,6561094
"MSSM_RNA_PFC_33",53441477,53441477,52129848,0.015534,536964559,0.455525,0.439349,0.83319,0.532725,3.698264,3.537194,1252398,554079
"MSSM_RNA_PFC_341",49371490,49371490,47626275,0.020052,454830267,0.406341,0.68928,0.872942,0.774915,13.274666,2.472913,4000543,3161979
"MSSM_RNA_PFC_342",47757431,47757431,45924639,0.015705,519589203,0.39714,0.571699,0.941681,0.596991,9.952289,3.816298,3582336,2640309
"MSSM_RNA_PFC_343",83278289,83278289,80716280,0.014102,926600438,0.541585,0.361811,0.711276,0.541614,3.683091,4.181523,11126091,4111663
"MSSM_RNA_PFC_344",72558863,72558863,69869095,0.016637,1253282835,0.386771,0.696891,0.8389,0.812942,16.254492,0.379262,4539405,3170014
"MSSM_RNA_PFC_345",84111509,84111509,81504076,0.014123,1586837910,0.535106,0.448656,0.719953,0.627327,3.97744,2.637656,4903029,1922060
"MSSM_RNA_PFC_346",97160100,97160100,93775059,0.016939,846796628,0.528438,0.445253,0.695614,0.689595,5.51785,2.151316,7242823,3597444
"MSSM_RNA_PFC_347",69059000,69059000,67339680,0.015742,631363270,0.461141,0.433541,0.827949,0.528535,3.160546,3.374009,2094113,863008
"MSSM_RNA_PFC_348",89377736,89377736,86877865,0.011673,2231998792,0.792999,0.221352,0.585663,0.368767,4.069686,6.598713,18442181,7476922
"MSSM_RNA_PFC_34",75469963,75469963,73031312,0.014763,979737539,0.599436,0.39739,0.704926,0.588339,4.939547,5.354239,10609321,3997710
"MSSM_RNA_PFC_350",56013069,56013069,54810918,0.015528,661833540,0.590695,0.377616,0.709692,0.549789,3.073895,3.844217,3913981,1173257
"MSSM_RNA_PFC_351",58894576,58894576,57313538,0.014687,955235152,0.409702,0.573126,0.835492,0.695285,4.40656,1.859591,2700356,1128644
"MSSM_RNA_PFC_352",65517027,65517027,63134144,0.016813,729767490,0.387291,0.647295,0.920073,0.708968,16.478019,3.011115,6559822,5381013
"MSSM_RNA_PFC_353",45774483,45774483,44640056,0.017369,426690995,0.413184,0.507394,0.900361,0.56974,4.977027,3.638549,5298018,2094656
"MSSM_RNA_PFC_354",62281795,62281795,60469686,0.020788,419092376,0.520219,0.314138,0.69751,0.46234,5.506303,0.143117,7924894,2901643
"MSSM_RNA_PFC_355",68006878,68006878,66775718,0.013101,1129546512,0.652601,0.286499,0.690165,0.420841,3.712311,5.673015,13370354,4998306
"MSSM_RNA_PFC_356",57454106,57454106,55726408,0.01048,989058073,0.442433,0.401219,0.747179,0.59188,4.673692,3.24127,1302092,601697
"MSSM_RNA_PFC_357",72995636,72995636,69847028,0.014567,1018924597,0.390647,0.607186,0.857238,0.724835,17.618888,1.451953,5603211,4668982
"MSSM_RNA_PFC_358",97610299,97610299,93721787,0.016344,1223153802,0.457123,0.637835,0.79231,0.780068,11.107315,2.239828,10081531,6084771
"MSSM_RNA_PFC_359",83150048,83150048,80662849,0.016768,818588738,0.49507,0.357851,0.813131,0.445717,4.689571,2.95383,3493308,2312848
"MSSM_RNA_PFC_360",81621679,81621679,79042296,0.015781,960366763,0.564444,0.391842,0.74877,0.576116,4.053141,4.044932,7607509,2716457
"MSSM_RNA_PFC_361",108621834,108621834,104895333,0.013492,1820077594,0.370647,0.698419,0.851608,0.812185,12.925031,0.50651,6568788,3566656
"MSSM_RNA_PFC_364",92619213,92619213,90009676,0.015297,1395365564,0.407155,0.681726,0.815197,0.8186,7.735777,1.68645,6165525,3109713
"MSSM_RNA_PFC_365",88844934,88844934,86121616,0.01545,1096129569,0.57676,0.397362,0.748421,0.553369,4.580407,4.696616,8932621,3351021
"MSSM_RNA_PFC_366",76881537,76881537,74336336,0.019753,717818098,0.402768,0.618353,0.814018,0.776439,7.79224,1.322519,3019534,1928028
"MSSM_RNA_PFC_367",70866812,70866812,68939067,0.015392,710370729,0.571081,0.398474,0.738973,0.53541,3.515063,4.649289,4112173,1455586
"MSSM_RNA_PFC_368",78970942,78970942,76394009,0.016946,1052366469,0.491183,0.435654,0.765771,0.58929,6.359219,2.676808,3607427,1901270
"MSSM_RNA_PFC_36",72083224,72083224,69912029,0.014918,1170393857,0.397865,0.599841,0.876845,0.676761,9.739262,1.104549,3640733,2339760
"MSSM_RNA_PFC_370",67653653,67653653,65925891,0.014914,760607811,0.44033,0.490647,0.812821,0.60681,4.397087,3.333051,5326166,1929802
"MSSM_RNA_PFC_371",76698654,76698654,74385283,0.018522,614768997,0.420258,0.526599,0.864211,0.608369,4.741605,3.310717,2811580,1393151
"MSSM_RNA_PFC_374",85122764,85122764,82422531,0.017128,890165479,0.436743,0.548291,0.838087,0.657571,8.019589,3.102168,5028119,3656698
"MSSM_RNA_PFC_375",79898365,79898365,77467061,0.015716,841928918,0.460286,0.473716,0.801098,0.578886,5.143884,4.841102,6214652,2799110
"MSSM_RNA_PFC_376",57459536,57459536,55987488,0.014956,734630160,0.41666,0.456069,0.860826,0.504648,4.247425,3.268628,1972675,979983
"MSSM_RNA_PFC_377",77252839,77252839,75233562,0.015234,979591484,0.512716,0.423372,0.759011,0.61492,3.891802,2.819117,5291317,1804102
"MSSM_RNA_PFC_378",104742029,104742029,100838227,0.01415,1429583997,0.38137,0.608305,0.866295,0.698198,14.033583,1.706527,7405147,5606751
"MSSM_RNA_PFC_379",74687519,74687519,72137127,0.01609,1345366072,0.367215,0.709907,0.881578,0.811382,18.525884,0.38334,5402309,3941165
"MSSM_RNA_PFC_37",116383842,116383842,110180463,0.012576,1571676177,0.403454,0.596407,0.916124,0.627615,20.66165,3.362399,13822509,11404971
"MSSM_RNA_PFC_380",65799695,65799695,63886572,0.015496,438006366,0.52226,0.314868,0.765101,0.401081,5.478585,5.071059,2457780,1005521
"MSSM_RNA_PFC_381",72814079,72814079,70858165,0.014767,1150408322,0.414745,0.630694,0.810857,0.770888,5.168047,2.188865,4383265,1680056
"MSSM_RNA_PFC_382",73638859,73638859,71720633,0.016407,927010894,0.509294,0.464695,0.759354,0.625375,3.36777,2.379661,5049350,1748688
"MSSM_RNA_PFC_383",82707768,82707768,80288294,0.017313,895296113,0.434343,0.611455,0.827761,0.755302,8.333744,1.899255,4907813,3132942
"MSSM_RNA_PFC_384",81865005,81865005,79493232,0.016529,736453893,0.450144,0.457661,0.87394,0.537334,4.858011,4.154482,3682182,2157622
"MSSM_RNA_PFC_386",75833838,75833838,72596914,0.020494,881702018,0.462646,0.463805,0.747673,0.617335,13.297899,0.119147,3368284,2426880
"MSSM_RNA_PFC_387",58731351,58731351,57093935,0.018572,614640047,0.401761,0.544433,0.881266,0.627188,7.151593,1.674869,2120325,1558107
"MSSM_RNA_PFC_388",112098395,112098395,108414050,0.014601,1337002350,0.489497,0.448867,0.759653,0.636394,4.69086,2.588613,4997676,2254046
"MSSM_RNA_PFC_389",77661341,77661341,73503212,0.01625,897835722,0.413939,0.654877,0.842821,0.758248,15.455093,3.246729,9733053,6454166
"MSSM_RNA_PFC_38",54113519,54113519,52812443,0.019063,460042542,0.431246,0.430262,0.897887,0.48769,4.421194,3.643328,1687797,730461
"MSSM_RNA_PFC_390",50590759,50590759,48918882,0.020727,343109494,0.471787,0.455488,0.825407,0.575358,3.871641,2.767738,2223762,928270
"MSSM_RNA_PFC_391",61764440,61764440,60260171,0.015418,558590199,0.435043,0.420596,0.878393,0.520688,4.219419,3.699004,2449092,1093652
"MSSM_RNA_PFC_392",93915067,93915067,90129446,0.016962,1312241645,0.397392,0.670167,0.827445,0.824489,18.074716,0.971102,7367198,6135433
"MSSM_RNA_PFC_394",59524047,59524047,58216851,0.016537,480795096,0.519633,0.35169,1.046699,0.345269,4.072424,3.623422,3730580,1331942
"MSSM_RNA_PFC_396",74460209,74460209,72830989,0.015609,569143575,0.455297,0.396422,0.866876,0.452134,4.078325,2.673382,11750267,4448975
"MSSM_RNA_PFC_397",60811159,60811159,59200859,0.020254,435425320,0.495648,0.44986,0.785214,0.587288,4.063804,3.937137,4157373,1804247
"MSSM_RNA_PFC_398",94351591,94351591,92042504,0.017934,678624903,0.468663,0.426287,0.790945,0.535408,4.054513,2.693344,2856426,1270321
"MSSM_RNA_PFC_399",97861821,97861821,94922373,0.016062,1296748266,0.452975,0.472827,0.793899,0.601133,4.93579,3.63078,4683108,2406060
"MSSM_RNA_PFC_39",75761542,75761542,72197031,0.016932,1062167550,0.482104,0.658807,0.740242,0.894334,17.914204,1.391243,12341803,7341318
"MSSM_RNA_PFC_3",66142162,66142162,63451971,0.023267,679332818,0.379927,0.698647,0.830433,0.840889,17.057869,0.655094,4025073,3072958
"MSSM_RNA_PFC_40",60300158,60300158,58794231,0.022748,230371275,0.423269,0.519908,0.861843,0.59751,4.433156,4.081508,2738665,917492
"MSSM_RNA_PFC_41",65693502,65693502,63409489,0.016139,911727248,0.460564,0.553164,0.752126,0.764823,6.337211,1.765675,2195146,1182183
"MSSM_RNA_PFC_42",72408472,72408472,70062393,0.018901,619967289,0.526372,0.48787,0.72078,0.686467,5.856941,1.619305,6695259,2990100
"MSSM_RNA_PFC_43",70389839,70389839,68975099,0.016262,680979116,0.498138,0.420172,1.144872,0.360206,4.033004,3.295239,5817751,2072676
"MSSM_RNA_PFC_44",85069946,85069946,81490688,0.018103,1091138353,0.485877,0.479397,0.794855,0.599664,9.066452,1.537711,4725648,3034465
"MSSM_RNA_PFC_45",66187835,66187835,64672952,0.01795,582525208,0.501906,0.346915,0.766679,0.466739,3.434689,3.861353,11003313,4187562
"MSSM_RNA_PFC_46",76376802,76376802,74211007,0.015667,746270675,0.525716,0.414477,0.769517,0.575546,5.508427,4.844267,6359947,2431277
"MSSM_RNA_PFC_47",61413243,61413243,58995531,0.019285,596541957,0.431049,0.519069,0.815768,0.655691,11.546427,1.643591,3199512,2516416
"MSSM_RNA_PFC_48",100421744,100421744,97399640,0.017422,1008589820,0.49016,0.399289,0.783266,0.522702,4.400777,4.566959,4324697,2220584
"MSSM_RNA_PFC_4",103830756,103830756,101368420,0.016882,1234674807,0.408561,0.478853,0.981298,0.483005,5.236659,3.7284,7284409,3311112
"MSSM_RNA_PFC_50",70737035,70737035,68538089,0.014062,1137279960,0.618237,0.421953,0.677237,0.603624,4.528539,2.372026,3558944,1434174
"MSSM_RNA_PFC_51",80417823,80417823,78424117,0.014594,879761896,0.486265,0.468802,0.765908,0.619584,5.377702,4.646832,5053790,1748845
"MSSM_RNA_PFC_52",62451558,62451558,60549151,0.016376,821671075,0.535943,0.471485,0.734378,0.673244,4.682806,1.890778,4214646,1578276
"MSSM_RNA_PFC_53",71854530,71854530,69768959,0.017773,779884047,0.410618,0.579456,0.838874,0.711862,5.247095,2.067769,2840823,1802457
"MSSM_RNA_PFC_55",58001466,58001466,55932341,0.019429,809685550,0.393822,0.720761,0.821686,0.884904,10.713678,1.102201,2857720,1786724
"MSSM_RNA_PFC_56",64578132,64578132,63154326,0.015882,522280163,0.484596,0.363217,0.792662,0.46922,5.38656,3.921914,4208509,1530754
"MSSM_RNA_PFC_57",76980100,76980100,74894303,0.01357,1287943154,0.448399,0.610493,0.827812,0.745081,7.120467,1.482486,6518075,2822005
"MSSM_RNA_PFC_58",60832113,60832113,59515223,0.015595,576192435,0.49667,0.386426,1.108996,0.335753,4.116804,2.949221,4572305,1760009
"MSSM_RNA_PFC_59",94056348,94056348,91736189,0.012365,1564750559,0.482259,0.422246,0.81237,0.57512,4.60292,4.939844,11542359,4213743
"MSSM_RNA_PFC_5",82949730,82949730,80859377,0.024334,278349107,0.410424,0.550314,0.877645,0.626304,4.75651,3.380643,5645506,1892811
"MSSM_RNA_PFC_60",60507452,60507452,59233216,0.013632,745973700,0.803499,0.184573,0.644545,0.27977,4.897649,11.820716,17438687,7994049
"MSSM_RNA_PFC_61",76855550,76855550,74434418,0.01702,1003138103,0.492603,0.576247,0.76493,0.757508,6.79978,1.305721,11428776,4823439
"MSSM_RNA_PFC_62",85687651,85687651,82394738,0.014736,1043294839,0.413189,0.569422,0.881598,0.680975,11.935867,2.494687,5559662,4313052
"MSSM_RNA_PFC_63",86617442,86617442,83475770,0.017791,992195183,0.430709,0.578951,0.800867,0.720989,14.461812,0.683116,4569835,3634625
"MSSM_RNA_PFC_64",77190663,77190663,75079502,0.015014,1184549589,0.488599,0.464713,0.770987,0.637631,4.09039,2.243065,7269647,2534902
"MSSM_RNA_PFC_65",79805628,79805628,77712762,0.015176,1025415143,0.488822,0.49165,0.787543,0.618131,4.110054,3.685747,5936017,2140250
"MSSM_RNA_PFC_66",76794871,76794871,74399056,0.012685,949483857,0.372488,0.54725,0.896361,0.619137,16.935227,2.814178,8587804,6762858
"MSSM_RNA_PFC_67",64886150,64886150,62975881,0.016191,528539921,0.507142,0.344589,0.810462,0.434528,5.218669,3.925606,4084929,2217812
"MSSM_RNA_PFC_68",94529524,94529524,91602490,0.015635,1238892953,0.45509,0.462007,0.81274,0.605258,9.007903,0.756042,3743331,2577184
"MSSM_RNA_PFC_69",83893584,83893584,82147130,0.015887,816416939,0.529319,0.375046,0.762113,0.533925,4.599019,5.66869,3520465,1071228
"MSSM_RNA_PFC_6",58878229,58878229,57281543,0.018585,590254278,0.388635,0.58376,0.905325,0.6349,7.636844,2.420722,3034222,2251001
"MSSM_RNA_PFC_79",72087131,72087131,70455983,0.012535,716460663,0.519931,0.356931,0.782446,0.534742,5.66094,6.741341,3753379,1338279
"MSSM_RNA_PFC_7",113322040,113322040,110597063,0.017562,982678692,0.42663,0.475122,0.815191,0.566685,5.167722,2.633404,9218870,3724494
"MSSM_RNA_PFC_80",59893108,59893108,57536024,0.015254,480187428,0.548147,0.309039,0.755062,0.389636,6.416422,4.142347,2275478,1110631
"MSSM_RNA_PFC_81",52508502,52508502,51149890,0.014463,420003707,0.530278,0.401071,0.789983,0.545515,3.459842,3.203718,2104701,816120
"MSSM_RNA_PFC_82",86361685,86361685,83929133,0.01564,617834683,0.458968,0.469777,0.770886,0.610991,10.561162,1.406133,5494825,3771172
"MSSM_RNA_PFC_83",68458350,68458350,66599750,0.015119,933287284,0.546394,0.385153,0.768733,0.536282,4.351348,3.15036,13509320,6154862
"MSSM_RNA_PFC_84",82583268,82583268,79820651,0.014595,1148793044,0.463637,0.482648,0.778121,0.661359,4.976101,2.437168,3102000,1766567
"MSSM_RNA_PFC_86",89997202,89997202,86146852,0.014903,1190555233,0.378728,0.667683,0.858992,0.776394,20.070505,1.299535,8767528,7303482
"MSSM_RNA_PFC_87",103935936,103935936,100080701,0.024001,541146039,0.547284,0.460025,0.738964,0.662636,4.292269,2.253209,15684260,6085701
"MSSM_RNA_PFC_89",114739361,114739361,109679000,0.014558,1099701265,0.409319,0.53596,0.840523,0.644508,15.54769,1.813149,9792793,7222302
"MSSM_RNA_PFC_8",68637164,68637164,66870468,0.016138,875555534,0.407521,0.567834,0.822182,0.703716,4.316507,2.545787,3788308,1470933
"MSSM_RNA_PFC_91",71330115,71330115,69177293,0.016009,681586788,0.476237,0.434264,0.842443,0.541965,7.352345,3.697018,9206607,4698852
"MSSM_RNA_PFC_92",145852172,145852172,141762810,0.017866,1066753429,0.430986,0.517823,0.912874,0.599566,7.763006,3.652591,14911998,9007928
"MSSM_RNA_PFC_95",78304775,78304775,75993208,0.0145,829740432,0.49908,0.439728,0.786176,0.620278,4.081377,3.903607,3712513,1750687
"MSSM_RNA_PFC_96",68804229,68804229,67094877,0.014772,727356617,0.530442,0.416787,0.721047,0.602348,3.221269,2.571463,6084241,2033428
"MSSM_RNA_PFC_97",73177080,73177080,71633286,0.014166,807209611,0.46737,0.42514,1.068622,0.375924,4.452549,3.805028,5490386,2007577
"MSSM_RNA_PFC_98",77616447,77616447,75019533,0.015747,917577733,0.426137,0.554113,0.844571,0.663768,7.753348,2.669102,3958469,2872961
"MSSM_RNA_PFC_99",75891629,75891629,74112859,0.016765,511687483,0.526305,0.270241,0.858921,0.322764,4.427181,5.339632,14216587,5936006
"MSSM_RNA_PFC_9",90265116,90265116,87421313,0.014139,1733217915,0.372348,0.690003,0.875163,0.771301,13.717813,0.451484,4860269,3094154
"PENN_RNA_PFC_100",91957462,91957462,89360497,0.014488,1232286739,0.407158,0.524559,0.880027,0.594329,6.898412,3.32052,5362672,4021202
"PENN_RNA_PFC_101",61852138,61852138,59519940,0.014712,912482439,0.439545,0.582409,0.924846,0.597869,13.071251,2.386234,5728850,4033027
"PENN_RNA_PFC_103",71761413,71761413,69802402,0.019809,558060362,0.441497,0.438378,0.893863,0.50749,5.023329,5.015177,2967603,2029502
"PENN_RNA_PFC_104",113391966,113391966,109544011,0.01461,1774587478,0.396756,0.634747,0.855918,0.747524,11.705926,1.691818,8227349,6164290
"PENN_RNA_PFC_105",56665889,56665889,54846791,0.014437,543589703,0.614095,0.360153,0.710313,0.492843,6.598095,8.093421,3371908,1346054
"PENN_RNA_PFC_106",87275878,87275878,84746538,0.015682,817973464,0.466677,0.515573,0.797407,0.639805,6.504693,4.377682,5645542,3859855
"PENN_RNA_PFC_107",53107014,53107014,51863476,0.020572,119364991,0.520406,0.403834,0.840273,0.484291,6.482882,7.952055,2753860,829842
"PENN_RNA_PFC_108",85751450,85751450,81338786,0.010732,1604920082,0.44577,0.580859,0.782835,0.730072,13.765701,2.983945,7669936,5618686
"PENN_RNA_PFC_109",64762969,64762969,61116947,0.012013,977645316,0.530409,0.490158,0.755624,0.644813,8.092983,6.039276,5648145,3089523
"PENN_RNA_PFC_10",97527322,97527322,94561371,0.014427,1586732747,0.476639,0.601365,0.818954,0.734792,5.946409,2.788456,13129936,5945986
"PENN_RNA_PFC_11",78552864,78552864,74913971,0.01484,1448011656,0.404333,0.712019,0.845402,0.8266,17.550961,1.902281,7306150,5761995
"PENN_RNA_PFC_12",95051790,95051790,91533173,0.014561,1470504483,0.439202,0.542171,0.787379,0.684793,8.125699,2.659751,5089801,3570787
"PENN_RNA_PFC_14",91856897,91856897,88494772,0.017137,1031447950,0.458155,0.539193,0.796723,0.68138,13.813441,2.116313,7202913,5986769
"PENN_RNA_PFC_16",87514803,87514803,84740691,0.012365,1443721259,0.470836,0.463552,0.79131,0.604488,5.17988,5.230047,5343983,2596847
"PENN_RNA_PFC_17",73129398,73129398,70146395,0.017825,902383362,0.364367,0.704514,0.887742,0.791707,19.183733,2.129312,7431003,6179036
"PENN_RNA_PFC_18",82141018,82141018,80236715,0.013393,1070923537,0.407344,0.563426,0.845254,0.67962,4.645581,1.802092,3122377,1315494
"PENN_RNA_PFC_19",106860479,106860479,103630766,0.016907,859829828,0.460209,0.492114,0.831286,0.631914,7.348425,4.152556,8361865,6143009
"PENN_RNA_PFC_1",79438703,79438703,76808781,0.013677,890665576,0.570114,0.341512,0.718889,0.49955,5.503325,6.324131,6479702,2666316
"PENN_RNA_PFC_20",59718097,59718097,58232114,0.019037,471361621,0.430281,0.439156,0.898073,0.491361,5.311021,4.77848,2502060,1749552
"PENN_RNA_PFC_21",66987351,66987351,65292255,0.015816,764867962,0.456671,0.478164,1.03405,0.467182,5.459729,2.72123,3410454,2108357
"PENN_RNA_PFC_22",72942048,72942048,71156944,0.01742,644013524,0.492304,0.366127,0.85136,0.411139,5.426002,5.10311,5766183,2763263
"PENN_RNA_PFC_23",83309163,83309163,81220030,0.016937,776423283,0.447513,0.474841,0.865402,0.569156,5.503058,4.287377,5348741,3515192
"PENN_RNA_PFC_24",59213547,59213547,57481754,0.016378,867522256,0.41483,0.650391,0.827316,0.76937,6.305358,2.464753,3861481,1880039
"PENN_RNA_PFC_25",72689788,72689788,70979420,0.013329,668588279,0.508775,0.389833,0.749825,0.525063,4.260406,6.356298,2536816,912179
"PENN_RNA_PFC_26",136204336,136204336,131033947,0.014559,2058251066,0.60797,0.410027,0.720692,0.564777,4.73628,4.869303,16403916,6685111
"PENN_RNA_PFC_27",101770096,101770096,98570903,0.014846,976013986,0.467124,0.395995,0.857574,0.481728,7.487738,4.483624,7016799,5282291
"PENN_RNA_PFC_28",90902910,90902910,88084851,0.015329,1081112795,0.425752,0.474572,0.851435,0.573354,6.649284,2.351051,4263349,3061675
"PENN_RNA_PFC_2",79649146,79649146,74115398,0.014211,1505600967,0.451582,0.549157,0.778714,0.723985,14.818876,2.956923,6695765,4903536
"PENN_RNA_PFC_31",82172552,82172552,79336103,0.019419,548120522,0.459511,0.410973,0.795814,0.516137,4.054888,4.705983,3458388,1938840
"PENN_RNA_PFC_32",97722435,97722435,93417686,0.012625,1664177523,0.409301,0.629815,0.825648,0.784064,12.658052,1.945943,7095092,4366016
"PENN_RNA_PFC_33",86186942,86186942,83650072,0.016071,1249323253,0.410604,0.535341,0.871867,0.649197,6.236243,2.294827,3994405,2568179
"PENN_RNA_PFC_34",59742813,59742813,57999326,0.014983,580791005,0.480913,0.34468,0.869413,0.392439,7.514563,6.928501,2259693,1361068
"PENN_RNA_PFC_35",77745033,77745033,75544144,0.01862,688716204,0.499947,0.454627,0.759004,0.595499,4.777571,3.529011,3639041,1792465
"PENN_RNA_PFC_37",82371644,82371644,79347067,0.016227,1198395626,0.404497,0.569521,0.87057,0.663244,10.830728,3.049481,5910375,4534134
"PENN_RNA_PFC_38",87774152,87774152,84613526,0.01504,804994462,0.47062,0.449482,0.760419,0.617998,4.872259,3.082405,5794972,3365568
"PENN_RNA_PFC_39",82752267,82752267,80504774,0.017474,590008929,0.507822,0.425989,0.767177,0.585896,4.73103,4.504141,5539886,2989097
"PENN_RNA_PFC_3",92728189,92728189,88296142,0.012857,1051233072,0.4674,0.422457,0.892725,0.511243,13.734528,4.900728,9192661,7515320
"PENN_RNA_PFC_40",88504804,88504804,84692701,0.014815,1001181515,0.414551,0.581621,0.867917,0.667069,15.159993,4.060502,9556423,8035015
"PENN_RNA_PFC_41",57353698,57353698,55272788,0.016862,339743678,0.539495,0.332918,0.765258,0.450948,5.753846,6.25495,1987188,1084866
"PENN_RNA_PFC_42",79220700,79220700,76407639,0.015336,973184111,0.426853,0.557353,0.829028,0.690503,10.648632,2.621853,4984704,4094594
"PENN_RNA_PFC_43",80478161,80478161,77215520,0.013628,1116036114,0.408862,0.608434,0.900569,0.674403,17.378342,2.829711,8195013,6766193
"PENN_RNA_PFC_44",81072974,81072974,78727636,0.01624,792919616,0.505733,0.461033,0.768637,0.585344,5.377308,5.001714,4777699,2821836
"PENN_RNA_PFC_45",86848425,86848425,84078683,0.013261,1059325975,0.402543,0.578207,0.883067,0.682347,12.832528,2.648644,7171250,5819022
"PENN_RNA_PFC_46",121959637,121959637,117661414,0.011072,1708188583,0.516308,0.429689,0.775159,0.551438,5.06173,5.242027,7637415,3397440
"PENN_RNA_PFC_47",78935915,78935915,75984071,0.016305,1036532090,0.442647,0.483744,0.827034,0.590042,9.267423,2.040183,4101037,3155108
"PENN_RNA_PFC_48",63416395,63416395,62044827,0.015942,633930377,0.443086,0.443143,0.76355,0.592782,4.107971,3.430013,2676022,1165543
"PENN_RNA_PFC_49",55434140,55434140,53854872,0.016387,449285022,0.442812,0.419662,0.892948,0.489725,7.449931,5.046348,3655213,2742792
"PENN_RNA_PFC_4",85186172,85186172,82022067,0.011886,1287398684,0.510539,0.432649,0.752264,0.568493,7.719676,6.479863,8301864,3900962
"PENN_RNA_PFC_50",72248221,72248221,69503483,0.011864,821510050,0.475051,0.438917,0.809785,0.525622,7.201504,6.299558,4681711,2379258
"PENN_RNA_PFC_51",73927528,73927528,71796796,0.012061,835851814,0.429467,0.443733,0.792117,0.572212,5.967613,5.077759,4685666,2112025
"PENN_RNA_PFC_52",72085616,72085616,70300485,0.012528,658954842,0.568759,0.320015,0.746593,0.446406,6.007186,7.799998,4408380,1696786
"PENN_RNA_PFC_53",64082428,64082428,62325108,0.011268,1020194817,0.526303,0.363383,0.762962,0.494747,6.551001,6.305679,4004417,1547427
"PENN_RNA_PFC_54",76951000,76951000,74659870,0.016689,723947950,0.488008,0.432449,0.758702,0.560689,7.488132,1.350179,3006756,2340856
"PENN_RNA_PFC_55",94119847,94119847,90072844,0.014623,855520057,0.466284,0.568752,0.861253,0.684454,14.935567,4.538828,10705187,9343049
"PENN_RNA_PFC_56",82756548,82756548,81066650,0.012766,1983939966,0.85976,0.168181,0.556326,0.307329,4.861061,11.629673,19301698,8054218
"PENN_RNA_PFC_58",83562575,83562575,81740263,0.016168,810229243,0.522217,0.38058,0.763179,0.540777,3.66045,5.985764,10744482,3695532
"PENN_RNA_PFC_59",61684677,61684677,60049693,0.012961,708973266,0.62192,0.26256,0.702464,0.37432,8.14364,7.717027,6917050,2635060
"PENN_RNA_PFC_5",82577743,82577743,79931062,0.015737,687841166,0.561519,0.303242,0.736848,0.427376,6.128718,6.387121,7785524,3371163
"PENN_RNA_PFC_61",79366297,79366297,77652507,0.014174,1003042203,0.435557,0.50394,1.047698,0.467637,4.53235,4.159546,6447966,2727607
"PENN_RNA_PFC_62",81935729,81935729,79745659,0.029064,107832399,0.627921,0.372127,0.748925,0.549199,5.321075,5.816915,6117819,2205138
"PENN_RNA_PFC_63",80341580,80341580,78129428,0.016552,963317692,0.43345,0.497744,0.868873,0.59266,5.555958,3.50412,4066162,2878757
"PENN_RNA_PFC_64",73987090,73987090,70391494,0.01467,825409357,0.478264,0.752859,0.735649,0.990648,15.114491,3.369854,9025813,6611702
"PENN_RNA_PFC_65",70832934,70832934,68205155,0.013664,931046316,0.395144,0.620143,0.886226,0.703227,15.5354,3.137259,7179355,5937927
"PENN_RNA_PFC_66",67993883,67993883,66178703,0.024581,172879374,0.453464,0.513026,0.860324,0.625497,4.864231,5.280856,2753408,966902
"PENN_RNA_PFC_67",75244828,75244828,73401810,0.016044,807914943,0.482127,0.504557,0.790818,0.629405,6.72368,4.631089,5156372,3226629
"PENN_RNA_PFC_68",81923289,81923289,78067730,0.015507,946231951,0.378566,0.646535,0.889349,0.714409,15.450615,2.879028,7910735,6253286
"PENN_RNA_PFC_69",53341904,53341904,51918946,0.024193,176175909,0.456403,0.439922,0.8387,0.55579,4.939779,6.538103,1224866,441147
"PENN_RNA_PFC_6",107174071,107174071,102116599,0.016309,1222699473,0.47536,0.469375,0.790089,0.620978,12.049841,3.867479,8801215,7319427
"PENN_RNA_PFC_70",101641324,101641324,98143461,0.014323,1063946050,0.639124,0.340444,0.709675,0.460718,5.229973,7.026683,7846759,3032236
"PENN_RNA_PFC_71",78179909,78179909,75443991,0.01313,1021144067,0.601745,0.395466,0.698683,0.644648,5.697157,1.235973,8714082,3304957
"PENN_RNA_PFC_73",63280506,63280506,59115407,0.010902,1131024725,0.401642,0.690084,0.853077,0.798301,21.663237,1.735845,5892386,4870218
"PENN_RNA_PFC_74",77902028,77902028,75974288,0.01625,648051828,0.452038,0.457003,0.864784,0.554442,5.686376,6.278199,3149253,1483891
"PENN_RNA_PFC_76",66522286,66522286,64784323,0.013642,665733489,0.47898,0.421659,0.778918,0.565915,4.681356,5.408109,4724818,1793491
"PENN_RNA_PFC_77",93754961,93754961,89087548,0.012654,1168806453,0.455176,0.601781,0.858836,0.715186,17.69858,3.821936,9715652,8230986
"PENN_RNA_PFC_78",93561711,93561711,90559826,0.015042,922592563,0.500499,0.385291,0.802483,0.463466,6.479732,6.116698,4990366,3523304
"PENN_RNA_PFC_79",71791091,71791091,69935831,0.01399,691484926,0.566873,0.30804,0.722927,0.43817,6.686048,7.358003,4946785,1842059
"PENN_RNA_PFC_7",107460609,107460609,103592696,0.017664,780577262,0.450723,0.443123,0.864899,0.517038,6.018858,5.839577,5706547,2874205
"PENN_RNA_PFC_80",53497258,53497258,51666624,0.014683,765482588,0.439255,0.479803,0.856647,0.535898,6.084796,3.928549,4119283,2191397
"PENN_RNA_PFC_81",57522312,57522312,56083726,0.014377,599145112,0.478346,0.394409,0.812359,0.481454,5.573172,6.174728,2576887,1136685
"PENN_RNA_PFC_83",61627334,61627334,59207226,0.017373,494160969,0.423742,0.520967,0.868447,0.608502,5.61994,4.54309,2972506,1991697
"PENN_RNA_PFC_85",56100334,56100334,54719219,0.015348,606313030,0.458465,0.377424,0.860588,0.428115,5.746004,6.266255,1714510,744493
"PENN_RNA_PFC_86",80368503,80368503,78085001,0.01727,803806163,0.462613,0.51868,0.764202,0.686493,5.027836,3.074395,4683430,2979194
"PENN_RNA_PFC_87",86754513,86754513,84175813,0.01598,987443760,0.407091,0.549854,0.867971,0.661251,6.00987,3.371891,5294061,2718661
"PENN_RNA_PFC_88",70818138,70818138,69009670,0.022922,196353723,0.441396,0.48172,0.90933,0.551706,4.552069,5.051481,2258062,819212
"PENN_RNA_PFC_8",101000265,101000265,96071480,0.01343,1343570177,0.390205,0.586166,0.859495,0.696918,16.449515,2.89563,9894550,8019809
"PENN_RNA_PFC_90",81389781,81389781,79082122,0.017838,705626275,0.469894,0.39369,0.789996,0.506471,4.39022,5.998434,3238687,1751331
"PENN_RNA_PFC_91",75679561,75679561,73100364,0.012558,1078159463,0.476961,0.484577,0.765066,0.656191,6.040272,3.004276,3527988,2322439
"PENN_RNA_PFC_92",80917313,80917313,78252839,0.01506,741226402,0.446856,0.404612,0.88536,0.472341,8.365314,5.569638,4959985,3006647
"PENN_RNA_PFC_94",60524676,60524676,57664582,0.014682,453816192,0.521625,0.273924,0.84987,0.328801,8.199807,6.044393,2629763,1820396
"PENN_RNA_PFC_95",77703259,77703259,75294037,0.014731,1134143588,0.444469,0.587105,0.927554,0.623444,9.733788,1.294272,5637404,3585048
"PENN_RNA_PFC_96",58238534,58238534,56503169,0.01409,844425045,0.493587,0.47216,0.771751,0.632428,5.49789,5.127966,3415693,1413936
"PENN_RNA_PFC_97",110262274,110262274,106221507,0.015187,1149282635,0.477641,0.444904,0.78388,0.564774,7.570328,2.262006,5476646,4105038
"PENN_RNA_PFC_98",77041754,77041754,75212853,0.015921,678002560,0.539701,0.375168,1.177849,0.303876,6.228293,4.841624,8596520,3457918
"PENN_RNA_PFC_99",90164676,90164676,87663332,0.012762,1182611962,0.582379,0.332968,0.729082,0.508436,5.668891,7.694255,14677066,5684473
"PENN_RNA_PFC_9",85717537,85717537,82169697,0.013039,1689447533,0.453386,0.537848,0.774794,0.732943,10.33483,2.224617,6106938,3759964
"PITT_RNA_BP_PFC_10003",89953867,89953867,86981340,0.015454,1364788176,0.369784,0.662874,0.929368,0.697324,15.931011,1.187658,7476282,5483362
"PITT_RNA_BP_PFC_10004",78513757,78513757,71179366,0.012227,1691925945,0.411044,0.706567,0.830694,0.837628,26.782293,1.767129,8854920,6952699
"PITT_RNA_BP_PFC_10006",88091079,88091079,85519930,0.015841,1426795140,0.444864,0.492866,0.824371,0.625782,4.636061,3.935335,4505805,2105643
"PITT_RNA_BP_PFC_10014",84721842,84721842,80093000,0.016708,1825608953,0.397287,0.752865,0.854504,0.879527,27.790335,0.269971,8037240,6543734
"PITT_RNA_BP_PFC_10019",76130730,76130730,72956547,0.01382,1488816755,0.408938,0.659041,0.818043,0.803835,12.84145,1.875147,6173506,3800958
"PITT_RNA_BP_PFC_1020",68767201,68767201,64935027,0.014246,946491097,0.38298,0.737408,0.925977,0.773224,26.719811,2.812618,10149525,8311688
"PITT_RNA_BP_PFC_1031",76401057,76401057,74541137,0.017773,960441254,0.377227,0.701694,0.873276,0.776122,8.551673,1.192294,4214706,2344587
"PITT_RNA_BP_PFC_1044",75430040,75430040,73558451,0.012556,1308394498,0.454401,0.496646,0.790145,0.649787,3.921165,2.251573,2683556,1126884
"PITT_RNA_BP_PFC_1047",58645334,58645334,56419607,0.015712,848407136,0.368194,0.762498,0.901961,0.805953,22.42731,1.751971,6691672,5513142
"PITT_RNA_BP_PFC_1048",68996901,68996901,66966697,0.018998,855216312,0.383772,0.62767,0.954572,0.67219,13.094964,2.19318,5652338,4195930
"PITT_RNA_BP_PFC_1069",74799786,74799786,72306419,0.014347,1195898301,0.360613,0.682356,0.93014,0.709699,22.09095,0.977099,8158301,6457813
"PITT_RNA_BP_PFC_1081",81200930,81200930,78398739,0.013014,1148238103,0.381684,0.62377,0.952401,0.619031,11.877961,2.40773,19089769,9711607
"PITT_RNA_BP_PFC_1086",57165071,57165071,55289093,0.014365,836992343,0.368847,0.632573,0.942983,0.643816,15.800612,1.997467,4851427,3687248
"PITT_RNA_BP_PFC_1092",81851399,81851399,78549923,0.015342,1253193323,0.359157,0.711227,0.910767,0.755293,18.057163,1.456093,7464214,5479599
"PITT_RNA_BP_PFC_1102",62576084,62576084,60374728,0.015831,910176091,0.375468,0.638417,0.944757,0.663721,17.391543,1.769372,5877147,4534111
"PITT_RNA_BP_PFC_1121",74190228,74190228,71794638,0.015512,1117827544,0.359727,0.679979,0.905638,0.721053,16.035803,1.208117,5675528,4340367
"PITT_RNA_BP_PFC_1130",64559750,64559750,62716633,0.019995,666385419,0.382974,0.644198,0.961479,0.678145,9.614549,2.502069,4421160,3152402
"PITT_RNA_BP_PFC_1153",72498465,72498465,69803445,0.015423,1065311561,0.363832,0.667105,0.921911,0.700692,18.645969,1.059123,6427190,4965805
"PITT_RNA_BP_PFC_1180",68431465,68431465,65803544,0.01584,862938584,0.390738,0.663357,0.933547,0.708338,16.448804,2.883153,7599254,5640049
"PITT_RNA_BP_PFC_1181",49210131,49210131,48081195,0.012544,994910786,0.446487,0.48297,0.779956,0.630896,3.732309,2.403193,1894131,769329
"PITT_RNA_BP_PFC_1196",62913198,62913198,60905016,0.014904,921595558,0.408715,0.561996,0.880417,0.664661,6.703478,3.290965,5175067,2773098
"PITT_RNA_BP_PFC_1207",57902684,57902684,52224581,0.012226,1119171290,0.408457,0.766475,0.81623,0.910678,32.985421,1.241043,6427459,5453820
"PITT_RNA_BP_PFC_1244",73238373,73238373,71249770,0.01621,802319848,0.382967,0.510878,0.956254,0.54632,6.684932,2.911146,3995430,2748123
"PITT_RNA_BP_PFC_1247",78744652,78744652,76755109,0.012127,1463333337,0.44998,0.491487,0.791121,0.639301,3.995307,2.505742,3225240,1419226
"PITT_RNA_BP_PFC_1282",56811071,56811071,55247177,0.019332,606670849,0.377401,0.650602,0.896322,0.709608,13.052324,0.882698,3715631,2529733
"PITT_RNA_BP_PFC_1293",64432502,64432502,61167610,0.013003,1374867285,0.410947,0.629929,0.835505,0.73198,15.035135,1.644799,6415419,3377253
"PITT_RNA_BP_PFC_1298",81796671,81796671,78548927,0.01754,1140716023,0.390461,0.67109,0.883788,0.751883,16.214628,1.744619,7043777,5494567
"PITT_RNA_BP_PFC_1324",73237053,73237053,70973117,0.018591,893300370,0.381463,0.71449,0.83941,0.829584,9.637873,1.073978,4248205,1959041
"PITT_RNA_BP_PFC_1328",69512071,69512071,66500837,0.014185,1108222793,0.409486,0.669718,0.859933,0.775417,16.14711,1.512408,6933221,5415911
"PITT_RNA_BP_PFC_1374",65226218,65226218,63149516,0.013488,1220981444,0.360522,0.683573,0.907191,0.745116,20.32403,0.595493,5556480,4306744
"PITT_RNA_BP_PFC_1391",69258042,69258042,64816140,0.014107,1375006559,0.413576,0.624625,0.83338,0.725705,17.20365,1.398545,5281721,3819971
"PITT_RNA_BP_PFC_1394",58551000,58551000,54680704,0.017375,1038463166,0.384878,0.798192,0.887107,0.88559,29.890491,0.77643,6066639,5224327
"PITT_RNA_BP_PFC_1403",106832700,106832700,101548143,0.015957,1644596380,0.457287,0.623071,0.798848,0.789023,15.189878,1.350638,9355507,5850156
"PITT_RNA_BP_PFC_1429",103806712,103806712,93555162,0.010285,3684357655,0.427468,0.680702,0.750773,0.8696,33.853591,0.480278,12876164,8776434
"PITT_RNA_BP_PFC_1444",84433993,84433993,81665777,0.015312,1207797712,0.370856,0.632441,0.911348,0.682668,15.504559,1.057179,6332285,4786128
"PITT_RNA_BP_PFC_1449",73886532,73886532,70997603,0.017296,975810988,0.35755,0.682129,0.907458,0.739649,18.870401,1.143319,7047477,5542560
"PITT_RNA_BP_PFC_1461",69837834,69837834,67779377,0.0196,703416363,0.421846,0.58092,0.822328,0.71357,4.608122,2.175832,3792667,1401060
"PITT_RNA_BP_PFC_1473",97971333,97971333,92937803,0.014667,1685059362,0.417774,0.694786,0.81332,0.821456,18.171877,1.384626,9066348,6065179
"PITT_RNA_BP_PFC_1482",111608839,111608839,102548067,0.010294,2891045563,0.427711,0.705328,0.773471,0.858769,27.424493,0.309852,10540780,7715449
"PITT_RNA_BP_PFC_1483",74758202,74758202,72793840,0.017585,999649064,0.398585,0.539778,0.878109,0.613875,8.111316,0.767705,2596250,1744880
"PITT_RNA_BP_PFC_1489",70623672,70623672,68070697,0.016839,1088244157,0.369448,0.733215,0.900953,0.788884,20.383717,0.959202,6415820,5134367
"PITT_RNA_BP_PFC_1537",78719574,78719574,75504097,0.016283,1237485413,0.43698,0.595,0.813317,0.718765,11.471972,1.707618,5763460,3475701
"PITT_RNA_BP_PFC_1565",129161410,129161410,117164908,0.010073,3111047724,0.413364,0.795828,0.763486,1.037046,32.954634,0.634516,16898520,13107683
"PITT_RNA_BP_PFC_1573",83597797,83597797,74042961,0.008872,2292848570,0.433417,0.786659,0.758417,1.009743,36.580448,1.060955,10992544,8675617
"PITT_RNA_BP_PFC_1584",71985326,71985326,69851465,0.015662,893290204,0.389398,0.622902,0.928237,0.662247,11.530105,2.204434,4969266,3714063
"PITT_RNA_BP_PFC_1589",79607593,79607593,76854852,0.015729,1050550721,0.432735,0.524924,0.795048,0.632694,10.188706,0.863637,3052063,2182528
"PITT_RNA_BP_PFC_1598",69888541,69888541,65690315,0.01476,1261933897,0.446422,0.674446,0.777955,0.837948,21.204422,1.121374,6510082,4563708
"PITT_RNA_BP_PFC_1603",66521969,66521969,63928608,0.01512,963174433,0.368623,0.694868,0.9391,0.71017,19.151835,1.592714,6318120,4744664
"PITT_RNA_BP_PFC_1605",66903059,66903059,63169051,0.012957,1312499129,0.395356,0.722299,0.823404,0.859462,21.441044,1.013978,5629876,4035910
"PITT_RNA_BP_PFC_1632",67697501,67697501,64981602,0.016459,849583476,0.39421,0.754218,0.865785,0.851679,16.994814,2.31666,7428551,5460344
"PITT_RNA_BP_PFC_1637",88363952,88363952,84527595,0.015425,1435612461,0.38738,0.741894,0.887975,0.797326,21.810251,1.217985,8775166,6685409
"PITT_RNA_BP_PFC_1694",46612777,46612777,45321183,0.015592,829103759,0.382656,0.696196,0.905024,0.731289,13.500724,0.840462,2913717,1918804
"PITT_RNA_BP_PFC_1695",91824996,91824996,86494771,0.013591,1400352360,0.412627,0.667867,0.88747,0.750566,14.518249,2.393476,8113191,5704985
"PITT_RNA_BP_PFC_1770",87970399,87970399,75776088,0.010317,1860438374,0.43742,0.891203,0.772886,1.133531,46.244043,2.057457,16498010,14662072
"PITT_RNA_BP_PFC_1783",73838269,73838269,69065420,0.011536,1498351356,0.397136,0.808312,0.879842,0.889908,30.239424,1.107611,8863582,7123884
"PITT_RNA_BP_PFC_1789",79305677,79305677,75887791,0.016421,935322872,0.383301,0.725508,0.938563,0.742565,20.242918,2.601439,9964197,7551218
"PITT_RNA_BP_PFC_686",76927659,76927659,73955854,0.017335,995190687,0.409046,0.5947,0.867611,0.673593,11.093817,2.385267,5149065,3752331
"PITT_RNA_BP_PFC_697",81680099,81680099,79366035,0.018841,848545209,0.386956,0.629923,0.835248,0.751328,5.900981,1.524637,3197037,1399975
"PITT_RNA_BP_PFC_716",71971766,71971766,69963218,0.016751,822456713,0.37405,0.56753,0.93061,0.616818,11.665958,1.449273,4675123,3542175
"PITT_RNA_BP_PFC_789",64191363,64191363,62219241,0.01162,1496532002,0.458698,0.472365,0.799808,0.626155,7.05894,2.083265,4347561,1955350
"PITT_RNA_BP_PFC_795",74378200,74378200,72509236,0.017863,738596111,0.408224,0.512597,0.895971,0.596169,4.847131,3.755462,3370157,1776829
"PITT_RNA_BP_PFC_838",62774923,62774923,60948416,0.021299,494763842,0.380965,0.648171,0.878398,0.724123,8.121132,1.383299,3650877,1659431
"PITT_RNA_BP_PFC_840",86343818,86343818,82921342,0.014362,1498869722,0.380707,0.781386,0.874519,0.880936,25.67222,0.890286,9970135,7962140
"PITT_RNA_BP_PFC_841",58741157,58741157,57030719,0.020198,608438593,0.368878,0.676233,0.944178,0.728545,11.784445,1.950154,4046739,2982995
"PITT_RNA_BP_PFC_849",83964204,83964204,81817488,0.018196,992436616,0.380316,0.65578,0.870318,0.7515,7.103152,1.188952,4000093,2089948
"PITT_RNA_BP_PFC_886",76386471,76386471,73214511,0.016054,992348651,0.407677,0.615481,0.936216,0.6428,16.411285,2.933677,8001363,6004863
"PITT_RNA_BP_PFC_945",89993118,89993118,86768411,0.016586,1091904187,0.421196,0.696867,0.860105,0.803505,14.706969,0.752932,5656917,4200698
"PITT_RNA_BP_PFC_957",67407110,67407110,65336373,0.017447,868771695,0.362997,0.667954,0.878896,0.734381,15.55972,0.499716,4302573,2613642
"PITT_RNA_BP_PFC_982",56284334,56284334,54722147,0.018641,539771170,0.388425,0.597266,0.959172,0.615882,8.700972,2.994518,4507251,2967992
"PITT_RNA_BP_PFC_984",79101705,79101705,77107418,0.016149,882809982,0.388512,0.586218,0.868212,0.679087,8.077929,0.828577,4016834,2774508
"PITT_RNA_PFC_10003",69675740,69675740,67320828,0.015236,776233718,0.459984,0.680123,0.825601,0.803486,16.04276,2.075634,12345511,7029369
"PITT_RNA_PFC_10005",80482365,80482365,76545091,0.01262,2140077353,0.421223,0.823921,0.819507,0.977581,24.240061,0.199787,6073096,4151808
"PITT_RNA_PFC_10020",74626665,74626665,73099602,0.015193,549561835,0.538976,0.302723,1.204113,0.248588,3.548052,3.396881,10917672,3919529
"PITT_RNA_PFC_10023",75906563,75906563,73569178,0.017701,1169085807,0.385556,0.62873,0.842084,0.756978,13.197335,0.236614,3011273,1998455
"PITT_RNA_PFC_10024",52140224,52140224,50779470,0.017959,435290441,0.402227,0.481658,0.966843,0.528455,5.402678,1.664501,1843383,1072984
"PITT_RNA_PFC_10025",80493246,80493246,78707547,0.015134,963490935,0.470308,0.432887,1.122491,0.379025,5.044295,1.483291,3907206,1928075
"PITT_RNA_PFC_10026",54101597,54101597,52731950,0.013394,905156332,0.432974,0.515344,0.787988,0.652299,4.034236,2.667098,3079530,1143975
"PITT_RNA_PFC_1026",87966854,87966854,86268011,0.013786,686057030,0.48518,0.354624,1.127063,0.332395,3.804322,3.573447,15080082,5338412
"PITT_RNA_PFC_1047",72306658,72306658,70137581,0.014946,901226834,0.368124,0.624431,0.897494,0.670304,19.573553,2.257564,9520555,7010057
"PITT_RNA_PFC_1086",100187284,100187284,98312189,0.01396,1472052660,0.443507,0.482705,1.0775,0.434099,4.286061,2.560657,9285021,3242872
"PITT_RNA_PFC_1088",73423539,73423539,71387807,0.015857,629051678,0.445783,0.576839,0.836079,0.706725,7.550626,2.630274,6007261,3535234
"PITT_RNA_PFC_1092",68167888,68167888,66585966,0.016725,891819787,0.405536,0.554862,0.809391,0.689191,7.843527,1.084997,6129605,2431782
"PITT_RNA_PFC_1099",77628494,77628494,75130927,0.016253,1643434369,0.367577,0.744672,0.873062,0.826401,19.024843,0.41462,5509023,3580776
"PITT_RNA_PFC_1105",120645748,120645748,105445604,0.012164,2962588309,0.418568,0.725144,0.784343,0.917283,37.603479,1.969153,17256099,13965060
"PITT_RNA_PFC_1122",80786646,80786646,73430103,0.017515,1501644703,0.402139,0.793023,0.864606,0.907991,37.835265,1.328725,12626718,11195295
"PITT_RNA_PFC_1173",75019092,75019092,72817592,0.01774,831627577,0.47077,0.534796,0.791932,0.699814,3.846752,2.788779,3625500,1338771
"PITT_RNA_PFC_1178",58693750,58693750,57475233,0.018705,712696418,0.459509,0.391574,0.786661,0.481342,3.827793,2.573593,11694597,4561368
"PITT_RNA_PFC_1188",93652967,93652967,91929564,0.014825,1245803959,0.440141,0.499735,1.025264,0.483742,4.39949,2.204344,7564759,2705272
"PITT_RNA_PFC_1189",131415934,131415934,127832994,0.012894,2940300906,0.426872,0.547804,0.796195,0.71515,8.115583,0.87946,8022426,3421943
"PITT_RNA_PFC_1191",76200958,76200958,73364130,0.013732,1115970836,0.399044,0.65887,0.848665,0.795401,15.99442,0.497427,3845822,2709106
"PITT_RNA_PFC_1201",86557952,86557952,84821827,0.018436,763727867,0.468891,0.402824,1.070439,0.373129,3.262157,1.972679,3205882,1147167
"PITT_RNA_PFC_1209",68479759,68479759,66561523,0.015423,769547564,0.379643,0.621289,0.901681,0.662885,19.836962,2.375094,8899165,6695481
"PITT_RNA_PFC_1211",73454593,73454593,71411290,0.017241,981257700,0.397148,0.678968,0.86102,0.777749,9.68742,1.566378,5473996,3081958
"PITT_RNA_PFC_1222",66624710,66624710,65010528,0.016896,675072407,0.623122,0.405187,0.722506,0.539503,3.527903,4.658445,6119955,2017082
"PITT_RNA_PFC_1230",87402170,87402170,84538374,0.015094,717780666,0.517184,0.443589,0.801143,0.553807,5.095328,3.922176,5649168,2412335
"PITT_RNA_PFC_1240",87882240,87882240,85374174,0.017018,898739411,0.386267,0.597732,0.899445,0.674752,7.885711,1.556212,4042795,2896068
"PITT_RNA_PFC_1247",77088573,77088573,75064040,0.016178,862035401,0.377291,0.571427,0.934713,0.640618,9.236738,1.92855,4526979,3413575
"PITT_RNA_PFC_1256",78701640,78701640,74355262,0.014287,1966429337,0.42819,0.768476,0.804024,0.935615,24.642629,0.178754,5992065,4219696
"PITT_RNA_PFC_1263",54260268,54260268,52561459,0.013772,842065007,0.392889,0.639102,0.840918,0.763293,12.733504,0.713317,2643395,1709474
"PITT_RNA_PFC_1268",94362789,94362789,89966295,0.016589,1081203314,0.511347,0.570444,0.747121,0.74667,11.679081,1.963678,7869770,4054245
"PITT_RNA_PFC_1270",58782085,58782085,57221170,0.017724,675363663,0.498898,0.742335,0.75062,0.990122,8.017891,1.030574,6469797,2421952
"PITT_RNA_PFC_1282",68261157,68261157,64787161,0.011969,1658030833,0.481453,0.474169,0.780018,0.628982,11.271321,2.072538,4704479,2500528
"PITT_RNA_PFC_1284",62104296,62104296,60856155,0.014066,1185970741,0.420634,0.583085,1.024974,0.56432,6.86844,1.258945,5176006,2020474
"PITT_RNA_PFC_1307",49402713,49402713,47631087,0.015013,718870298,0.359879,0.699761,0.92274,0.748649,15.004803,1.586567,3542585,2390312
"PITT_RNA_PFC_1314",78380335,78380335,74995150,0.021764,757400938,0.44915,0.62385,0.777869,0.80336,9.948925,0.936041,6837734,3002199
"PITT_RNA_PFC_1324",65773515,65773515,64421859,0.014135,1177364981,0.427746,0.570335,0.99457,0.555734,6.527496,1.294334,6473647,2502793
"PITT_RNA_PFC_1326",110963328,110963328,107792656,0.026402,198060806,0.535134,0.584282,0.852155,0.658151,4.370691,2.21605,8131667,3175532
"PITT_RNA_PFC_1336",69556914,69556914,67611992,0.022469,528433684,0.375158,0.650903,0.887514,0.731711,7.67501,0.837923,2189360,1090924
"PITT_RNA_PFC_1341",80402175,80402175,78040975,0.017936,832912989,0.44998,0.654962,0.79683,0.850793,9.025335,1.182849,4604905,2925030
"PITT_RNA_PFC_1350",82540086,82540086,80757472,0.015732,1155946160,0.370412,0.684249,0.908025,0.749281,8.707469,0.584565,3758607,1987508
"PITT_RNA_PFC_1361",71856678,71856678,66323957,0.019905,1491858438,0.40521,0.821694,0.851215,0.985715,34.289455,0.441086,8768654,7584448
"PITT_RNA_PFC_1367",58730914,58730914,56860513,0.015667,1045893178,0.478986,0.577397,0.750672,0.795329,8.09349,1.162489,3596550,1413858
"PITT_RNA_PFC_1374",65125298,65125298,63521087,0.015231,942403530,0.414867,0.521165,0.821161,0.59191,4.032136,2.366805,3493790,1330833
"PITT_RNA_PFC_1386",67496184,67496184,64325114,0.013341,1377268496,0.398078,0.733858,0.81709,0.892036,22.805887,0.321947,5106761,3458374
"PITT_RNA_PFC_1391",122972912,122972912,118529629,0.013002,2950140290,0.430765,0.551915,0.79594,0.715755,12.475097,0.619873,8085323,3717652
"PITT_RNA_PFC_1420",61807751,61807751,59699176,0.013668,1065939017,0.38865,0.714511,0.830951,0.853032,15.240318,0.401325,3818367,2425210
"PITT_RNA_PFC_1433",81033237,81033237,73432855,0.012559,1946309882,0.421589,0.709084,0.793172,0.879244,31.564729,0.498001,8325645,6705972
"PITT_RNA_PFC_1453",55624811,55624811,54042749,0.023868,335524210,0.49719,0.439972,0.82067,0.54278,3.647949,3.694851,3152261,1170068
"PITT_RNA_PFC_1454",94836156,94836156,92811162,0.013399,1189852929,0.450555,0.482338,1.019966,0.468796,4.857776,1.614787,5854426,2181302
"PITT_RNA_PFC_1455",105167184,105167184,98251974,0.016737,2646149304,0.463688,0.599308,0.765542,0.78182,20.574983,0.229831,7356316,4576272
"PITT_RNA_PFC_1466",85946144,85946144,82615472,0.014656,1622574230,0.460822,0.689415,0.74528,0.927972,24.322178,0.328972,8397715,6178873
"PITT_RNA_PFC_1472",67227767,67227767,64751875,0.018315,868832306,0.531,0.439256,0.736417,0.598977,5.157573,2.601257,13440834,5715931
"PITT_RNA_PFC_1474",73620541,73620541,71851187,0.017471,1044862061,0.357234,0.709148,0.905473,0.779183,9.840441,0.380782,3092377,1514981
"PITT_RNA_PFC_1506",76386977,76386977,74513594,0.013955,1171122190,0.456416,0.510256,0.791431,0.675391,4.077947,1.658598,2056114,808503
"PITT_RNA_PFC_1518",66572121,66572121,65040290,0.015779,788249852,0.461773,0.5601,0.788483,0.730079,3.449114,2.785772,2415016,861231
"PITT_RNA_PFC_1524",79282560,79282560,77289914,0.012983,1202754999,0.433552,0.545482,1.013336,0.530448,6.774657,2.598927,7168930,3597196
"PITT_RNA_PFC_1542",61573876,61573876,60182552,0.015223,651497740,0.490992,0.467271,0.910317,0.537198,4.307844,2.600895,4055638,1609850
"PITT_RNA_PFC_1543",82463967,82463967,80537167,0.015087,1199524907,0.390358,0.540645,0.858494,0.614375,4.18322,2.134869,4327991,1770521
"PITT_RNA_PFC_1554",80116829,80116829,77032630,0.017049,1241110532,0.390638,0.687622,0.842284,0.803088,13.651827,1.471541,6082867,4248511
"PITT_RNA_PFC_1555",68953381,68953381,66993888,0.014631,1421528307,0.562166,0.540697,0.691426,0.795777,9.915813,0.595979,15983829,6587677
"PITT_RNA_PFC_1558",60638220,60638220,58947445,0.016785,626516200,0.423295,0.640093,0.934681,0.687395,13.89542,2.109403,6315082,4441971
"PITT_RNA_PFC_1579",94088273,94088273,91540801,0.015653,1218171050,0.531166,0.562486,0.731193,0.756911,3.737338,1.948962,7223333,2527579
"PITT_RNA_PFC_1581",76222513,76222513,67656459,0.009424,1955522822,0.415634,0.801347,0.784499,0.993146,39.121045,1.164386,9215393,7395585
"PITT_RNA_PFC_1583",67138200,67138200,65208246,0.018867,739737053,0.387741,0.565035,0.888771,0.633148,6.368859,2.139383,4003492,1691845
"PITT_RNA_PFC_1635",54980877,54980877,53374469,0.01866,473887061,0.389294,0.549788,0.928085,0.575276,5.203268,2.217126,2462466,1075277
"PITT_RNA_PFC_1649",70731962,70731962,68509232,0.015191,1322737964,0.512753,0.578617,0.725864,0.821832,9.83568,0.713392,13026908,4948943
"PITT_RNA_PFC_1686",58280512,58280512,56709937,0.018864,448296467,0.389187,0.56071,0.915592,0.594671,4.775044,3.398304,2158000,987910
"PITT_RNA_PFC_1691",71214078,71214078,69461272,0.018566,699840994,0.422783,0.537609,0.846336,0.644193,3.832729,3.044083,2199418,1156484
"PITT_RNA_PFC_1706",196590418,196590418,190944878,0.016241,1811682959,0.386588,0.563615,0.909689,0.626304,5.510212,2.360404,25862793,9968227
"PITT_RNA_PFC_1712",107965280,107965280,99403082,0.010894,2242716104,0.439994,0.697834,0.788457,0.886358,26.405112,0.412589,9622816,7555913
"PITT_RNA_PFC_1734",85355102,85355102,83319421,0.019287,736308368,0.431945,0.561438,0.86919,0.641258,4.474623,3.248089,4781443,2711830
"PITT_RNA_PFC_1792",69968053,69968053,67804913,0.014177,1519763914,0.437195,0.599771,0.782558,0.764768,9.636142,0.849986,3923400,1742278
"PITT_RNA_PFC_516",102969072,102969072,99361068,0.015037,1461178503,0.460164,0.572063,0.807885,0.708563,9.005443,2.338003,11919190,5873558
"PITT_RNA_PFC_533",99005954,99005954,94879245,0.012805,2113075213,0.401933,0.654185,0.818292,0.788957,18.115014,0.295228,7637539,4761696
"PITT_RNA_PFC_539",119081395,119081395,116289990,0.019017,1057164557,0.41667,0.574424,0.889087,0.664175,6.38642,2.44889,9898152,5344309
"PITT_RNA_PFC_546",59453369,59453369,55816081,0.012418,1205074839,0.387383,0.753494,0.881477,0.801521,29.874037,1.099657,7057190,5942103
"PITT_RNA_PFC_547",71790959,71790959,70177107,0.014308,625915759,0.566135,0.328189,0.775964,0.467302,4.881129,5.565028,6584102,2269504
"PITT_RNA_PFC_551",82291012,82291012,79980846,0.017301,829692250,0.419265,0.490254,0.884156,0.570127,5.240621,3.776456,11265136,4469227
"PITT_RNA_PFC_566",66221693,66221693,64761834,0.021505,124403307,0.485235,0.450123,0.804469,0.559641,4.874284,5.792323,2158922,612295
"PITT_RNA_PFC_581",61178816,61178816,59530623,0.016243,1000645357,0.363476,0.648595,0.877719,0.751639,11.700404,0.375369,2620610,1648478
"PITT_RNA_PFC_587",69840822,69840822,66579932,0.011845,1238683490,0.408871,0.641703,0.847366,0.722827,16.699695,0.498349,4101132,3181240
"PITT_RNA_PFC_592",91524353,91524353,87557164,0.012994,1820752499,0.393116,0.744644,0.827277,0.861895,20.808112,0.492702,8047881,5458990
"PITT_RNA_PFC_604",61694286,61694286,59929395,0.017428,1122719175,0.395689,0.603873,0.864298,0.680808,8.701245,1.346396,3720789,1940133
"PITT_RNA_PFC_621",56219274,56219274,54774969,0.017604,659199314,0.403644,0.535279,0.889714,0.596912,3.692242,2.943992,1588320,785894
"PITT_RNA_PFC_622",76319301,76319301,73955347,0.018305,1233990855,0.361695,0.661783,0.874321,0.73942,17.35744,0.232594,4170479,2992527
"PITT_RNA_PFC_625",89631133,89631133,86533841,0.015772,1238609474,0.479531,0.525501,0.808014,0.691127,5.014775,2.857178,7446770,2939587
"PITT_RNA_PFC_630",60602980,60602980,59212566,0.022115,159188755,0.461306,0.522336,0.803868,0.634785,4.142078,3.733338,2340259,667340
"PITT_RNA_PFC_634",54019280,54019280,52737548,0.015786,793519398,0.435712,0.577843,0.799989,0.72901,4.908999,1.704194,3438390,1236832
"PITT_RNA_PFC_640",74885772,74885772,72111362,0.018641,707149076,0.378999,0.634964,0.872847,0.726692,8.91471,1.725047,3311571,1820498
"PITT_RNA_PFC_656",71912190,71912190,69979191,0.014976,844552970,0.476463,0.674987,0.761859,0.853373,6.468585,1.605016,5134480,1957703
"PITT_RNA_PFC_665",81724380,81724380,79806558,0.01609,896061853,0.408311,0.47416,0.844549,0.560483,5.243592,1.964872,4447107,1877027
"PITT_RNA_PFC_681",65114445,65114445,62316393,0.016055,635247807,0.376986,0.637824,0.925916,0.681,13.148916,2.02277,7843890,4062088
"PITT_RNA_PFC_685",84232564,84232564,81882604,0.016591,1559616789,0.355058,0.704643,0.89211,0.781672,14.513011,0.324467,5521070,3110463
"PITT_RNA_PFC_686",217821179,217821179,212465530,0.012987,3164258442,0.537393,0.452421,0.753903,0.612384,3.501827,2.63814,35101950,13695378
"PITT_RNA_PFC_694",151397693,151397693,144694759,0.015724,3465159203,0.621231,0.409292,0.693064,0.564045,8.314977,0.992545,10618411,5041615
"PITT_RNA_PFC_700",77417097,77417097,75409086,0.01716,839362127,0.424603,0.662436,0.866538,0.755825,12.011107,1.758233,7562920,4742801
"PITT_RNA_PFC_722",54916325,54916325,53289256,0.01411,1016105798,0.462083,0.658217,0.749279,0.871933,10.248327,0.859286,4604667,1804766
"PITT_RNA_PFC_727",101886485,101886485,90060286,0.009631,3719191149,0.492646,0.496068,0.785751,0.66626,32.389822,1.166673,14159354,9619854
"PITT_RNA_PFC_739",99291546,99291546,94896776,0.015328,1634749745,0.371422,0.790583,0.894909,0.859995,25.914305,0.826771,11856003,9351214
"PITT_RNA_PFC_781",47001605,47001605,45968061,0.018525,405697950,0.427073,0.439404,0.861036,0.511689,3.27043,3.710601,940624,427708
"PITT_RNA_PFC_787",90669552,90669552,88506793,0.012844,1429257450,0.500837,0.447756,0.779666,0.594737,4.477239,3.240679,11747857,4129337
"PITT_RNA_PFC_802",62945169,62945169,61308885,0.014168,1127138895,0.375895,0.593243,0.841624,0.70934,8.367511,1.320722,4707448,1897919
"PITT_RNA_PFC_806",62709538,62709538,61281434,0.015856,667271820,0.439194,0.464763,0.873636,0.522009,4.274414,2.363724,5477505,2219596
"PITT_RNA_PFC_818",62639792,62639792,61348521,0.024174,742496898,0.396921,0.506092,0.870852,0.601952,5.677316,0.868564,3046452,1443705
"PITT_RNA_PFC_822",83718593,83718593,81897159,0.013727,1154999121,0.507307,0.385345,0.808185,0.52274,3.737642,4.630684,8596666,2974070
"PITT_RNA_PFC_829",91082160,91082160,77693034,0.010206,2521793559,0.448042,0.774663,0.751114,1.011966,41.506191,2.046478,12980498,10501667
"PITT_RNA_PFC_852",63144224,63144224,61621514,0.013732,1178663283,0.445936,0.47304,0.79387,0.62768,3.89647,2.305605,4376128,1583751
"PITT_RNA_PFC_857",85596953,85596953,82794041,0.016116,963628496,0.396623,0.647478,0.961372,0.669519,13.538504,2.764592,8290582,6039305
"PITT_RNA_PFC_902",111951869,111951869,101629052,0.009339,3635516836,0.479201,0.529878,0.772736,0.710632,25.209895,0.400176,13037837,8889401
"PITT_RNA_PFC_904",83884968,83884968,82012251,0.01634,700068893,0.451084,0.400079,0.860332,0.485689,3.409592,4.000327,2177119,771561
"PITT_RNA_PFC_917",73920886,73920886,72332627,0.014145,856434367,0.659376,0.314477,0.692821,0.45583,3.010981,5.521166,6068760,1987632
"PITT_RNA_PFC_933",71390074,71390074,68487032,0.015337,1017222105,0.362387,0.734188,0.899666,0.794113,21.21301,1.191545,6930391,5728084
"PITT_RNA_PFC_970",59390630,59390630,57803387,0.021703,461087061,0.387075,0.668431,0.867406,0.748785,5.564029,1.121702,1722898,668897
"PITT_RNA_PFC_987",102836734,102836734,100315417,0.016168,1326664244,0.392643,0.615662,0.857954,0.705667,5.205542,2.012693,6565757,2615575
"PITT_RNA_PFC_988",58794343,58794343,57453021,0.01169,1142632764,0.483512,0.427413,0.790218,0.552017,3.609645,3.174967,3219052,1109090
